rows	cohort_raw(前120字)	campaign_title	v4届别:依据
8092			未注明
7018	2027届		2027届:岗位写明
2648	普通高等院校2027届应届毕业生（同时面向择业期内毕业生）；经教育部留学服务中心认证学历学位的国（境）外应届毕业留学生。		2027届:岗位写明
1083	2027届应届毕业生及择业期内毕业生		2027届:岗位写明
1082		中国航天科工集团有限公司2027届校园招聘	2027届:活动标题写明
1072		中国联通2027校园招聘	2027届:活动标题写明
982		中国移动2027校园招聘	2027届:活动标题写明
477	毕业时间 2026-11-01 至 2027-10-31	阿里巴巴2027届应届生	2027届:岗位写明
457		中国能建2027届全球校园招聘	2027届:活动标题写明
399		中国兵器工业集团有限公司2027校园招聘	2027届:活动标题写明
276	应届毕业生 青云计划	青云计划-应届生	未注明
271	1、学历要求：国内外高校2027届毕业生及2026届未就业毕业生，具备大学本科及以上学历、并取得相应学历和学位证书（国外高校毕业生需取得国家教育部学历学位认证）。	中国联通2027校园招聘	2027届:岗位写明,2026届:岗位写明
268	实习生 青云计划	青云计划-实习生	未注明
240	1、学历要求：2027届普通高等院校本科及以上学历，2026届未就业毕业生也可招收	中国联通2027校园招聘	2027届:岗位写明,2026届:岗位写明
238	1、学历要求：2027届普通高等院校本科及以上学历；2026届未就业优秀毕业生。	中国联通2027校园招聘	2027届:岗位写明,2026届:岗位写明
188	2027届（应届毕业生）		2027届:岗位写明
174	2027届国内外高校毕业或2026届未就业国内外高校毕业，普通高等院校本科及以上学历，并具有相应学位 需2027年9月1日前取得相应毕业证及学位证	中国联通2027校园招聘	2027届:岗位写明,2026届:岗位写明
163		中国兵器装备集团有限公司2027校园招聘	2027届:活动标题写明
120	2027届应届毕业生		2027届:岗位写明
108	1.学历要求：2027应届、2026届普通高等院校大学本科及以上学历，学士及以上学位	中国联通2027校园招聘	2027届:岗位写明,2026届:岗位写明
106	学历要求：2026-2027年8月毕业的硕士及以上学历应届毕业生，特别优秀的可放宽至本科。入职报到时须取得毕业证、学位证，国（境）外院校毕业生须获得国家教育部留学服务中心的学历学位认证。	中国移动2027校园招聘	2027届:岗位写明,2026届:岗位写明
106	2027届（2026.10.1-2027.9.30毕业）		2027届:岗位写明
106	应届毕业生	应届毕业生	未注明
94	应届实习	应届实习	未注明
88	国家承认学历的本科及以上学历应届毕业生（含2026届未就业毕业生），并具有相应学位。	中国联通2027校园招聘	2027届:活动标题写明,2026届:岗位写明
77	2027届（网易互联网2027届校园招聘）		2027届:岗位写明
74	2026届未就业及2027届普通高等院校本科及以上学历，并取得相应学位。	中国联通2027校园招聘	2027届:岗位写明,2026届:岗位写明
72		中国机械科学研究总院集团2027届校园招聘	2027届:活动标题写明
65	日常实习	日常实习	未注明
63	2027届（网易游戏雷火2027届校园招聘）		2027届:岗位写明
62	1.2027届应届、2026届未就业本科及以上学历院校毕业生（须在2027年7月31日前取得学历、学位）；	中国移动2027校园招聘	2027届:岗位写明,2026届:岗位写明
53	2027届（网易互娱2027届校园招聘）		2027届:岗位写明
52	1、2027年应届毕业生及2026年毕业未就业生；	中国移动2027校园招聘	2027届:岗位写明,2026届:岗位写明
51	1.学历要求：2027届普通高校毕业生、2026届普通高校毕业未就业学生，大学本科及以上学历，并获得相应学位。	中国移动2027校园招聘	2027届:岗位写明,2026届:岗位写明
40	2027届应届生及2026届未就业毕业生。大学本科及以上学历。计算机类、通信类、电子类、信息类、人工智能类、数学统计类、互联网类、物联网类、电气类、自动控制类、营销管理类、电子商务类等相关专业。	中国移动2027校园招聘	2027届:岗位写明,2026届:岗位写明
39	应聘者须为具有境内外普通高等院校硕士研究生及以上学历的2027年应届毕业生	2027年度校园招聘	2027届:岗位写明
38	1、学历要求：2026届未就业、2027届普通高等院校大学本科生及以上学历。	中国联通2027校园招聘	2027届:岗位写明,2026届:岗位写明
37	1.学历要求:2026届未就业、2027届普通高等院校本科及以上学历。	中国联通2027校园招聘	2027届:岗位写明,2026届:岗位写明
30	1、学历要求：普通高等院校2027届毕业生及2026届未就业毕业生，具备大学专科及以上学历、并取得相应学历和学位证书。	中国联通2027校园招聘	2027届:岗位写明,2026届:岗位写明
25	1. 学历：本科及以上学历，2027届应届毕业生；	中国能建2027届全球校园招聘	2027届:岗位写明
24	1、2027届全球高校毕业生，2026届普通高校毕业未就业学生，硕士研究生及以上学历；	中国移动2027校园招聘	2027届:岗位写明,2026届:岗位写明
22	（3）2027年毕业的应届硕士和博士毕业生。	中国航天科工集团有限公司2027届校园招聘	2027届:岗位写明
21	2027届应届生及2026届未就业毕业生。大学本科及以上学历。计算机类、通信类、电子类、信息类、人工智能类、数学统计类、互联网类、物联网类、电气类、自动控制类等相关专业。	中国移动2027校园招聘	2027届:岗位写明,2026届:岗位写明
21	1.2027届高校毕业生。	中国能建2027届全球校园招聘	2027届:岗位写明
20	4.2027届应届毕业生及2026届未就业毕业生。	中国移动2027校园招聘	2027届:岗位写明,2026届:岗位写明
20	1、应为2027年应届高校毕业生；	中国能建2027届全球校园招聘	2027届:岗位写明
18	2、2026、 2027届普通高等院校国家统招本科及以上学历毕业生，专业对口；	中国移动2027校园招聘	2027届:岗位写明,2026届:岗位写明
17	1.硕士及以上学历，2027届应届毕业生；	中国航天科工集团有限公司2027届校园招聘	2027届:岗位写明
16	1.应聘的国（境）内高校应届毕业生，必须于2027年毕业； 2.应聘的国（境）外高校应届毕业生，其毕业院校应在国家教育部2027年公布的国家（地区）的学校名单内，毕业时间为2026年7月1日至2027年6月30日，并于2027年7月31日前	中国能建2027届全球校园招聘	2027届:岗位写明,2026届:岗位写明
15	1.学历要求：2026届未就业、2027届普通高等院校本科及以上学历。	中国联通2027校园招聘	2027届:岗位写明,2026届:岗位写明
14	面向境内外院校招收应届毕业生	2027年全球校园招聘	2027届:活动标题写明
14	1.硕士研究生及以上学历，2027届应届毕业生；	中国能建2027届全球校园招聘	2027届:岗位写明
14	2.全日制本科及以上学历，2027届应届毕业生；须取得毕业证、学位证，大学英语四级425分以上。	中国能建2027届全球校园招聘	2027届:岗位写明
13	1.学历要求：2027届普通高等院校本科及以上学历；2026届未就业优秀毕业生。	中国联通2027校园招聘	2027届:岗位写明,2026届:岗位写明
12	1、2027届普通高校应届毕业博士研究生学历；	中国移动2027校园招聘	2027届:岗位写明
12	1.学历要求：2027届普通高等院校本科及以上学历；2026届未就业优秀毕业生也可招收。	中国联通2027校园招聘	2027届:岗位写明,2026届:岗位写明
12	1、学历要求：2027届普通高等院校本科及以上学历，2026届未就业毕业生也可招收。	中国联通2027校园招聘	2027届:岗位写明,2026届:岗位写明
12	2027届（2025.1-2027.7毕业）	2027届	2027届:岗位写明,2026届:岗位写明,2025届:岗位写明
11	1、学历要求：2027届普通高等院校本科及以上学历，2026届未就业优秀毕业生。	中国联通2027校园招聘	2027届:岗位写明,2026届:岗位写明
10	（1）2027年应届毕业生以及2026届未落实工作单位，档案、组织关系仍保留在原毕业院校的毕业生。	中国移动2027校园招聘	2027届:岗位写明,2026届:岗位写明
10	1.2027届应届、2026届未就业硕士研究生及以上学历院校毕业生（须在2027年7月31日前取得学历、学位）；	中国移动2027校园招聘	2027届:岗位写明,2026届:岗位写明
10	1、2027届全球高校毕业生，2026届普通高校毕业未就业学生，本科及以上学历；	中国移动2027校园招聘	2027届:岗位写明,2026届:岗位写明
10	1、学历要求：2027届普通高等院校硕士研究生及以上学历毕业生（海外院校毕业生毕业时间应不超过2年），博士研究生优先。	中国联通2027校园招聘	2027届:岗位写明
9	2027届应届生及2026届未就业毕业生。大学本科及以上学历。计算机类、人工智能类、通信类、电子类、信息类、安全类、互联网类、物联网类、电气类、自动控制类、数学类、统计类等相关专业。	中国移动2027校园招聘	2027届:岗位写明,2026届:岗位写明
9	1、学历要求：2027届普通高等院校硕士及以上学历；2026届未就业优秀毕业生。	中国联通2027校园招聘	2027届:岗位写明,2026届:岗位写明
9	2027届国内外高校毕业或2026届未就业国内外高校毕业，普通高等院校硕士研究生及以上学历，并具有相应学位 需2027年9月1日前取得相应毕业证及学位证	中国联通2027校园招聘	2027届:岗位写明,2026届:岗位写明
9	1、学历要求：2027届普通高等院校本科及以上学历，2026届未就业毕业生也可招收2、专业要求：自动化类、能源动力类、电气类相关专业。	中国联通2027校园招聘	2027届:岗位写明,2026届:岗位写明
9	1.学历要求：2026届未就业、2027届普通高等院校本科及以上学历；	中国联通2027校园招聘	2027届:岗位写明,2026届:岗位写明
8	1.2026届和2027届大学本科及以上学历毕业生，入职报到时须持毕业证和学位证，境外院校毕业生须获得国家教育部留学服务中心学历学位认证。	中国移动2027校园招聘	2027届:岗位写明,2026届:岗位写明
8	1、2027届普通高校应届毕业博士研究生学历，计算机科学与技术、计算机应用技术、电子、电信、通信、软件工程、网络安全等相关专业；	中国移动2027校园招聘	2027届:岗位写明
8		中国广核集团2027届校园招聘	2027届:活动标题写明
8	Required Graduation Period: 2025.6.1 - 2027.8.31	2027秋季校园招聘	2027届:岗位写明,2026届:岗位写明,2025届:岗位写明
7	2027年或2026年未落实就业单位的应届毕业生，博士学历优先，计算机、通信工程、电子工程、自动化、应用数学、统计学、信息处理等相关专业。	中国移动2027校园招聘	2027届:岗位写明,2026届:岗位写明
7	1、学历要求：2027届普通高等院校本科及以上学历；2026届未就业优秀毕业。	中国联通2027校园招聘	2027届:岗位写明,2026届:岗位写明
7	1、学历要求：2027届普通高等院校本科及以上学历，并具有相应学位。	中国联通2027校园招聘	2027届:岗位写明
6	1.正规高等院校大学本科及以上学历并取得相应学位；国外留学人员须出具由国家教育部留学服务中心提供的同等学历认证证书。2.品行端正，无不良记录，认同公司文化；身心健康，符合公务员录取体检标准并通过相关心理健康测试。3.2027届毕业生。4.专	中国移动2027校园招聘	2027届:岗位写明
6	1.正规高等院校大学本科及以上学历并取得相应学位；国外留学人员须出具由国家教育部留学服务中心提供的同等学历认证证书。2.品行端正，无不良记录，认同公司文化；身心健康，符合公务员录取体检标准并通过相关心理健康测试。3.2026、2027届毕业	中国移动2027校园招聘	2027届:岗位写明,2026届:岗位写明
6	1、2027届全球高校毕业生，2026届普通高校毕业未就业学生，硕士研究生及以上学历，计算机、通信、电子、软件工程等相关专业；	中国移动2027校园招聘	2027届:岗位写明,2026届:岗位写明
6	2027届国内外高校毕业或2026届未就业国内外高校毕业，普通高等院校本科及以上学历，并具有相应学位 需20267年9月1日前取得相应毕业证及学位证	中国联通2027校园招聘	2027届:岗位写明,2026届:岗位写明
6	1.学历要求：2027届普通高等院校本科及以上学历，2026届未就业毕业生也可招收	中国联通2027校园招聘	2027届:岗位写明,2026届:岗位写明
5	2027届应届生及2026届未就业毕业生。大学本科及以上学历。财务管理、会计学、税务、审计学等财务相关专业。	中国移动2027校园招聘	2027届:岗位写明,2026届:岗位写明
5	1、2027届硕士研究生及以上学历院校毕业生（须在2027年7月31日前取得学历、学位）；	中国移动2027校园招聘	2027届:岗位写明
5	2.2027年应届硕士毕业生；	中国能建2027届全球校园招聘	2027届:岗位写明
5	1、2027届统招本科及以上学历毕业生；	中国航天科工集团有限公司2027届校园招聘	2027届:岗位写明
5	2.计算机相关专业2027届应届毕业生。	中国航天科工集团有限公司2027届校园招聘	2027届:岗位写明
5	日常实习	项目实习生	未注明
5	2027届	2027届	2027届:岗位写明
5		中国医药集团有限公司2027校园招聘	2027届:活动标题写明
5		中国华能集团有限公司2027校园招聘	2027届:活动标题写明
5		中粮集团有限公司2027校园招聘	2027届:活动标题写明
5		国家开发投资集团有限公司2027校园招聘	2027届:活动标题写明
5	应届毕业生		未注明
4	1.正规高等院校硕士研究生及以上学历并取得相应学位；国外留学人员须出具由国家教育部留学服务中心提供的同等学历认证证书。2.品行端正，无不良记录，认同公司文化；身心健康，符合公务员录取体检标准并通过相关心理健康测试。3.2027届毕业生。4.	中国移动2027校园招聘	2027届:岗位写明
4	1.2026届和2027届全球知名院校硕士研究生及其他院校博土研究生，入职报到时须持毕业证和学位证，境外院校毕业生须获得国家教育部留学服务中心学历学位认证。	中国移动2027校园招聘	2027届:岗位写明,2026届:岗位写明
4	2027年或2026年未落实就业单位的应届毕业生，硕士及以上学历优先，计算机、软件工程等相关专业优先。	中国移动2027校园招聘	2027届:岗位写明,2026届:岗位写明
4	1、2027届普通高校应届毕业博士研究生学历，计算机、通信、电子、软件工程等相关专业；	中国移动2027校园招聘	2027届:岗位写明
4	1.学历要求：2027年应届、2026届普通高等院校大学本科及以上学历，学士及以上学位	中国联通2027校园招聘	2027届:岗位写明,2026届:岗位写明
4	1.学历要求：                                                              2026届未就业及2027届普通高等院校本科及以上学历，并取得相应学位。	中国联通2027校园招聘	2027届:岗位写明,2026届:岗位写明
4	1、本科及以上学历，2027届应届毕业生；	中国联通2027校园招聘	2027届:岗位写明
4	1.学历要求:2026届未就业、2027届普通高等院校本科及以上学历；	中国联通2027校园招聘	2027届:岗位写明,2026届:岗位写明
4	1、学历要求：2026届未就业、2027届普通高等院校统招应届毕业生硕士及以上学历。	中国联通2027校园招聘	2027届:岗位写明,2026届:岗位写明
4	2、2027届应届毕业生；	中国兵器装备集团有限公司2027校园招聘	2027届:岗位写明
4		中国远洋海运集团有限公司2027校园招聘	2027届:活动标题写明
4		中国电力建设集团有限公司2027校园招聘	2027届:活动标题写明
4	2025届		2025届:岗位写明
3	1.学历要求：2027届普通高校毕业生、2026届普通高校毕业未就业学生，硕士研究生及以上学历，并获得相应学位。	中国移动2027校园招聘	2027届:岗位写明,2026届:岗位写明
3	2027届应届生及2026届未就业毕业生。硕士研究生及以上学历。计算机类、人工智能类、通信类、电子类、信息类、安全类、互联网类、物联网类、电气类、自动控制类、数学类、统计类等相关专业。	中国移动2027校园招聘	2027届:岗位写明,2026届:岗位写明
3	2027届应届生及2026届未就业毕业生。大学本科及以上学历。土木类（建筑环境与能源应用工程、供热供燃气通风及空调工程等）、机械类（制冷与低温工程、过程装备与控制工程等）、能源动力类（动力工程及工程热物理、制冷及低温工程等）、自动控制类等相	中国移动2027校园招聘	2027届:岗位写明,2026届:岗位写明
3	2027届应届生及2026届未就业毕业生。大学本科及以上学历。计算机类、通信类、电子类、信息类、人工智能类、数学统计类、互联网类、物联网类、电气类、自动控制类、管理营销类等相关专业。	中国移动2027校园招聘	2027届:岗位写明,2026届:岗位写明
3	1.教育：本科及以上学历（2027年应届毕业生及2026年毕业未就业毕业生），计算机科学、人工智能、软件工程、电子信息、通信工程、大数据、自动化等IT/CT/DT相关专业。	中国移动2027校园招聘	2027届:岗位写明,2026届:岗位写明
3	2027年或2026年未落实就业单位的应届毕业生，硕士及以上学历优先，数学、统计、计算机、软件工程等相关专业优先。	中国移动2027校园招聘	2027届:岗位写明,2026届:岗位写明
3	1、2027届全球高校毕业生，2026届普通高校毕业未就业学生，硕士研究生及以上学历，计算机、软件工程、人工智能、数据科学与大数据、电子信息等相关专业；	中国移动2027校园招聘	2027届:岗位写明,2026届:岗位写明
3	1、2027届全球高校毕业生博士研究生学历，计算机、通信、电子、软件工程等相关专业；	中国移动2027校园招聘	2027届:岗位写明
3	1、2027年统招统分硕士研究生及以上应届毕业生，并取得相应学位。 （1）国内高校：2027.1.1-2027.8.31期间于国内普通高等院校毕业。 （2）国（境）外高校：2026.9.1-2027.8.31期间于国（境）外高校毕业，并取得	中国移动2027校园招聘	2027届:岗位写明
3	1) 2027届全日制本科及以上应届毕业生；	中国移动2027校园招聘	2027届:岗位写明
3	1、学历要求：2027届普通高等院校本科及以上学历，2026届未就业毕业生也可招收，具有相应学位；	中国联通2027校园招聘	2027届:岗位写明,2026届:岗位写明
3	1.学历要求:2027届普通高等院校硕士研究生及以上学历；	中国联通2027校园招聘	2027届:岗位写明
3	2027届（2025-2027届均可）	2027届	2027届:岗位写明,2025届:岗位写明
3	1、国家普通高等院校统分统招2027年应届毕业研究生及处于择业期的2026届毕业研究生，中共党员优先；	中国兵器工业集团有限公司2027校园招聘	2027届:岗位写明,2026届:岗位写明
3		招商局集团有限公司2027校园招聘	2027届:活动标题写明
3	2026届		2026届:岗位写明
2	1.正规高等院校博士研究生学历并取得相应学位；国外留学人员须出具由国家教育部留学服务中心提供的同等学历认证证书。2.品行端正，无不良记录，认同公司文化；身心健康，符合公务员录取体检标准并通过相关心理健康测试。3.2027届毕业生。4.专业为	中国移动2027校园招聘	2027届:岗位写明
2	（1）2027年应届毕业生。	中国移动2027校园招聘	2027届:岗位写明
2	2027届应届生及2026届未就业毕业生。大学本科及以上学历。通信类、计算机类、人工智能类、电子类、信息类、互联网类、物联网类、电气类、自动控制类等相关专业。	中国移动2027校园招聘	2027届:岗位写明,2026届:岗位写明
2	2027届应届生及2026届未就业毕业生。大学本科及以上学历。计算机类、通信类、电子类、信息类、人工智能类、数学统计类、互联网类、物联网类、电气类、自动控制类、营销管理类等相关专业。	中国移动2027校园招聘	2027届:岗位写明,2026届:岗位写明
2	2027届应届生及2026届未就业毕业生。大学本科及以上学历。计算机类、通信类、电子类、信息类、人工智能类、互联网类、物联网类、电气类、自动控制类等相关专业。	中国移动2027校园招聘	2027届:岗位写明,2026届:岗位写明
2	2027届应届生及2026届未就业毕业生。大学本科及以上学历。法学类相关专业。	中国移动2027校园招聘	2027届:岗位写明,2026届:岗位写明
2	2027届应届生及2026届未就业毕业生。大学本科及以上学历。计算机类、通信类、电子类、信息类、互联网类、物联网类、电气类、自动控制类等相关专业。	中国移动2027校园招聘	2027届:岗位写明,2026届:岗位写明
2	1.2027届应届、2026届未就业博士研究生学历毕业生（须在2027年7月31日前取得学历、学位）；	中国移动2027校园招聘	2027届:岗位写明,2026届:岗位写明
2	1.2026届和2027届全球知名院校博士研究生，入职报到时须持毕业证和学位证，境外院校毕业生须获得国家教育部留学服务中心学历学位认证。	中国移动2027校园招聘	2027届:岗位写明,2026届:岗位写明
2	1.教育：本科及以上学历（2027年应届毕业生及2026年毕业未就业毕业生），计算机科学、人工智能、软件工程、电子信息、通信工程、大数据、自动化等IT/CT/DT相关专业。 2.知识技能：了解通信行业基本知识，熟练掌握3T业务知识，包括大数	中国移动2027校园招聘	2027届:岗位写明,2026届:岗位写明
2	2027年或2026年未落实就业单位的应届毕业生，硕士及以上学历优先，计算机科学与技术、通信工程、网络工程等相关专业优先。	中国移动2027校园招聘	2027届:岗位写明,2026届:岗位写明
2	1、2027届全球高校毕业生，2026届普通高校毕业未就业学生，本科及以上学历，计算机、通信、电子、软件工程等3T相关专业；	中国移动2027校园招聘	2027届:岗位写明,2026届:岗位写明
2	1) 2027届全日制本科及以上学历毕业生；研究生以上学历优先	中国移动2027校园招聘	2027届:岗位写明
2	1) 2027届全日制本科及以上学历应届毕业生；	中国移动2027校园招聘	2027届:岗位写明
2	2027届国内外高校毕业或2026届未就业国内外高校毕业，普通高等院校硕士研究生及以上学历，并具有相应学位 需20267年9月1日前取得相应毕业证及学位证	中国联通2027校园招聘	2027届:岗位写明,2026届:岗位写明
2	1、学历要求：国内外高校2027届毕业生及2026届未就业毕业生，具备硕士研究生及以上学历、并取得相应学历和学位证书（国外高校毕业生需取得国家教育部学历学位认证）。	中国联通2027校园招聘	2027届:岗位写明,2026届:岗位写明
2	1、学历要求：2027届普通高等院校本科及以上学历，2026届未就业毕业生也可招收2、专业要求：计算机类、电子信息类、数学类、统计学类、自动化类。	中国联通2027校园招聘	2027届:岗位写明,2026届:岗位写明
2	1、学历要求: 2027届普通高等院校硕士及以上学历，并具有相应学位。	中国联通2027校园招聘	2027届:岗位写明
2	1.学历要求：2027届本科及以上学历应届大学毕业生，中共党员优先考虑；	中国联通2027校园招聘	2027届:岗位写明
2	1、学历要求：本科及以上学历，2027届应届毕业生；	中国联通2027校园招聘	2027届:岗位写明
2	1.学历要求：2026届未就业、2027届普通高等院校硕士研究生及以上学历。	中国联通2027校园招聘	2027届:岗位写明,2026届:岗位写明
2	1.学历要求：2026届未就业、2027届普通高等院校硕士及以上学历；	中国联通2027校园招聘	2027届:岗位写明,2026届:岗位写明
2	统招全日制本科及以上学历，保险、金融、数学、医学、统计学等相关专业优先，2027届应届毕业生，可取得毕业证学位证。	招商局集团有限公司2027校园招聘	2027届:岗位写明
1	2027届应届生及2026届未就业毕业生。硕士研究生及以上学历。计算机类、人工智能类、通信类、电子类、信息类、安全类、互联网类、物联网类、电气类、自动控制类、数学类、统计类、工业工程类等相关专业。	中国移动2027校园招聘	2027届:岗位写明,2026届:岗位写明
1	2027届应届生及2026届未就业毕业生。硕士研究生及以上学历。计算机类、人工智能类、通信类、电子类、信息类、安全类、互联网类、物联网类、电气类、自动控制类、营销管理类等相关专业。	中国移动2027校园招聘	2027届:岗位写明,2026届:岗位写明
1	2027届应届生及2026届未就业毕业生。硕士研究生及以上学历。财务管理、会计学、税务、审计学、统计学等财务相关专业。	中国移动2027校园招聘	2027届:岗位写明,2026届:岗位写明
1	2027届应届生及2026届未就业毕业生。硕士研究生及以上学历。计算机类、人工智能类、通信类、电子类、信息类、互联网类、自动控制类、数学类等相关专业。	中国移动2027校园招聘	2027届:岗位写明,2026届:岗位写明
1	2027届应届生及2026届未就业毕业生。硕士研究生及以上学历。土木类（建筑环境与能源应用工程、供热供燃气通风及空调工程等）、能源动力类（动力工程及工程热物理、制冷及低温工程等）、自动控制类等相关专业。	中国移动2027校园招聘	2027届:岗位写明,2026届:岗位写明
1	2027届应届生及2026届未就业毕业生。硕士研究生及以上学历。中共党员。法律、法学等相关专业。	中国移动2027校园招聘	2027届:岗位写明,2026届:岗位写明
1	2027届应届生及2026届未就业毕业生。大学本科及以上学历。电子商务、计算机类、人工智能类、通信类、电子类、信息类、安全类、互联网类、物联网类、电气类、自动控制类、数学统计类、营销管理类等相关专业。	中国移动2027校园招聘	2027届:岗位写明,2026届:岗位写明
1	2027届应届生及2026届未就业毕业生。大学本科及以上学历。计算机类、人工智能类、网络工程、通信类、电子类、信息类、安全类、互联网类、物联网类、电气类、自动控制类等相关专业。	中国移动2027校园招聘	2027届:岗位写明,2026届:岗位写明
1	2027届应届生及2026届未就业毕业生。大学本科及以上学历。计算机类、人工智能类、通信类、电子类、信息类、安全类、互联网类、物联网类、电气类、软件工程、自动控制类、数学类、统计类等相关专业。	中国移动2027校园招聘	2027届:岗位写明,2026届:岗位写明
1	2027届应届生及2026届未就业毕业生。大学本科及以上学历。计算机类、软件类、信息管理或技术类、网络系统类、互联网类、物联网类等相关专业。	中国移动2027校园招聘	2027届:岗位写明,2026届:岗位写明
1	2027届应届生及2026届未就业毕业生。大学本科及以上学历。能源动力类（动力工程及工程热物理、制冷及低温工程等）、通信类、云计算类、计算机类、电子类、信息类、互联网类、物联网类、电气类、自动控制类等相关专业。	中国移动2027校园招聘	2027届:岗位写明,2026届:岗位写明
1	2027届应届生及2026届未就业毕业生。大学本科及以上学历。法学等相关专业。	中国移动2027校园招聘	2027届:岗位写明,2026届:岗位写明
1	2027届应届生及2026届未就业毕业生。大学本科及以上学历。汉语言文学、企业管理、中文、文秘、历史、哲学、新闻学、计算机类、电子类、信息类、互联网类、物联网类等专业。	中国移动2027校园招聘	2027届:岗位写明,2026届:岗位写明
1	2027届应届生及2026届未就业毕业生。大学本科及以上学历，计算机类、通信类、电子类、信息类、互联网类、物联网类、电气类、自动控制、机械类、动力类等相关专业。	中国移动2027校园招聘	2027届:岗位写明,2026届:岗位写明
1	2027届应届生及2026届未就业毕业生。大学本科及以上学历。计算机类、通信类、电子类、信息类、能源动力类、电器类、土木工程类、机械类等专业。	中国移动2027校园招聘	2027届:岗位写明,2026届:岗位写明
1	2027届应届生及2026届未就业毕业生。大学本科及以上学历，计算机类、通信类、电子类、电气类、能源动力类、机械类、土木类等相关专业。	中国移动2027校园招聘	2027届:岗位写明,2026届:岗位写明
1	2027届应届生及2026届未就业毕业生。大学本科及以上学历。计算机类、通信类、电子类、信息类、能源动力类、电气类（电气工程及其自动化、电力系统自动化、供用电技术等）、土木工程类、机械类（机电一体化）等专业。	中国移动2027校园招聘	2027届:岗位写明,2026届:岗位写明
1	2027届应届生及2026届未就业毕业生。大学本科及以上学历。人力资源管理、工商管理、企业管理、应用心理学、社会学等相关专业。	中国移动2027校园招聘	2027届:岗位写明,2026届:岗位写明
1	2027届应届生及2026届未就业毕业生。大学本科及以上学历。暖通空调、制冷与空调技术、建筑环境与能源应用工程、热能动力工程等相关专业。	中国移动2027校园招聘	2027届:岗位写明,2026届:岗位写明
1	2027届应届生及2026届未就业毕业生。大学本科及以上学历。自动化、建筑电气与智能化、控制科学与工程等相关专业。	中国移动2027校园招聘	2027届:岗位写明,2026届:岗位写明
1	2027届应届生及2026届未就业毕业生。大学本科及以上学历。大数据类、智能计算类、数学类、统计类、数据分析类、商业分析类、经济统计类、电子信息类等相关专业。	中国移动2027校园招聘	2027届:岗位写明,2026届:岗位写明
1	2027届应届生及2026届未就业毕业生。大学本科及以上学历。计算机类、通信类、电子信息类、互联网类、物联网类、电气类、自动控制类等相关专业。	中国移动2027校园招聘	2027届:岗位写明,2026届:岗位写明
1	2027届应届生及2026届未就业毕业生。大学本科及以上学历。建筑环境与能源应用工程、供热供燃气通风及空调工程等相关专业。	中国移动2027校园招聘	2027届:岗位写明,2026届:岗位写明
1	5.2027届应届毕业生及2026届未就业毕业生。	中国移动2027校园招聘	2027届:岗位写明,2026届:岗位写明
1	5.2027届应届毕业生。	中国移动2027校园招聘	2027届:岗位写明
1	1. 国（境）内外普通高等院校2026届、2027届相关专业博士研究生毕业生，计算机、人工智能、大数据相关专业，具备机器学习相关专业背景知识；	中国移动2027校园招聘	2027届:岗位写明,2026届:岗位写明
1	1.国（境）内外普通高等院校2026届、2027届相关专业博士研究生毕业生；	中国移动2027校园招聘	2027届:岗位写明,2026届:岗位写明
1	1.教育：硕士研究生及以上学历（2027年应届毕业生及2026年毕业未就业毕业生），计算机科学、电子信息、通信工程、大数据、电气工程及其自动化、自动化、热能与动力工程、土木工程、建筑类、工程造价、暖通、空调、水文、水利等业等相关专业。	中国移动2027校园招聘	2027届:岗位写明,2026届:岗位写明
1	1.教育：本科及以上学历（2027年应届毕业生及2026年毕业未就业毕业生），计算机科学、人工智能、软件工程、电子信息、通信工程、大数据等IT/CT/DT相关专业。	中国移动2027校园招聘	2027届:岗位写明,2026届:岗位写明
1	1.教育：硕士研究生及以上学历（2027年应届毕业生及2026年毕业未就业毕业生），财务、金融、统计学、会计、计量经济学等相关专业。	中国移动2027校园招聘	2027届:岗位写明,2026届:岗位写明
1	1.教育：硕士研究生及以上学历（2027年应届毕业生及2026年毕业未就业毕业生），法律等相关专业。	中国移动2027校园招聘	2027届:岗位写明,2026届:岗位写明
1	1.教育：硕士研究生及以上学历（2027年应届毕业生及2026年毕业未就业毕业生），计算机科学、人工智能、软件工程、电子信息、通信工程、大数据、自动化等IT/CT/DT相关专业，其中计算机科学、数据科学、人工智能等IT相关专业优先。	中国移动2027校园招聘	2027届:岗位写明,2026届:岗位写明
1	1.教育：本科及以上学历（2027年应届毕业生及2026年毕业未就业毕业生），计算机科学、电子信息、通信工程、大数据、电气工程及其自动化、自动化、热能与动力工程等IT/CT/DT相关专业。	中国移动2027校园招聘	2027届:岗位写明,2026届:岗位写明
1	1.教育：本科及以上学历（2027年应届毕业生及2026年毕业未就业毕业生），计算机科学、人工智能、软件工程、电子信息、通信工程、大数据分析、统计学、市场营销、电子商务等相关专业。	中国移动2027校园招聘	2027届:岗位写明,2026届:岗位写明
1	2027年或2026年未落实就业单位的应届毕业生，博士学历优先，计算机科学、人工智能、机器人工程、自动化、控制工程、电子信息、应用数学、统计学、信息与通信工程等相关专业。	中国移动2027校园招聘	2027届:岗位写明,2026届:岗位写明
1	2027年或2026年未落实就业单位的应届毕业生，博士学历优先，计算机科学与技术、人工智能、机器人学、控制科学与工程、自动化、导航制导、电子信息等理工科相关专业。	中国移动2027校园招聘	2027届:岗位写明,2026届:岗位写明
1	2027年或2026年未落实就业单位的应届毕业生，博士学历优先，机械工程、自动化、电子工程、精密仪器等相关专业。	中国移动2027校园招聘	2027届:岗位写明,2026届:岗位写明
1	2027年或2026年未落实就业单位的应届毕业生，博士学历优先，声学、信号与信息处理、通信工程、电子信息、自动化、计算机语音、声学物理等相关专业。	中国移动2027校园招聘	2027届:岗位写明,2026届:岗位写明
1	2027年或2026年未落实就业单位的应届毕业生，硕士及以上学历优先，计算机、通信工程、信息管理等相关专业优先。	中国移动2027校园招聘	2027届:岗位写明,2026届:岗位写明
1	2027年或2026年未落实就业单位的应届毕业生，硕士及以上学历优先，计算机、统计学、信息管理等相关专业优先。	中国移动2027校园招聘	2027届:岗位写明,2026届:岗位写明
1	2027年或2026年未落实就业单位的应届毕业生，硕士及以上学历优先，电子工程、通信工程、自动化、计算机硬件等相关专业优先。	中国移动2027校园招聘	2027届:岗位写明,2026届:岗位写明
1	2027年或2026年未落实就业单位的应届毕业生，硕士及以上学历优先，计算机、电子工程、自动化、应用数学、统计学、信息处理等相关专业优先。	中国移动2027校园招聘	2027届:岗位写明,2026届:岗位写明
1	2027年或2026年未落实就业单位的应届毕业生，博士学历优先，计算机、自动化、应用数学、统计学、信息处理等相关专业。	中国移动2027校园招聘	2027届:岗位写明,2026届:岗位写明
1	1、教育背景：原则上硕士及以上学历，计算机、人工智能、软件工程、电子信息、自动化、交通运输、大数据、应用数学等相关专业，2026、2027届应届毕业生优先；	中国移动2027校园招聘	2027届:岗位写明,2026届:岗位写明
1	1、2027届硕士研究生学历院校毕业生（须在2027年7月31日前取得学历、学位）。	中国移动2027校园招聘	2027届:岗位写明
1	1、2027届应届、2026届未就业硕士研究生及以上学历院校毕业生（须在2027年7月31日前取得学历、学位）；	中国移动2027校园招聘	2027届:岗位写明,2026届:岗位写明
1	1、2027届博士研究生学历院校毕业生（须在2027年7月31日前取得学历、学位）；	中国移动2027校园招聘	2027届:岗位写明
1	1、2027届硕士研究生及以上学历院校毕业生（须在2027年7月31日前取得学历、学位）。	中国移动2027校园招聘	2027届:岗位写明
1	1、2027届普通高校应届毕业博士研究生学历，计算机、电子信息类、自动化等相关专业；	中国移动2027校园招聘	2027届:岗位写明
1	1、2027届全球高校毕业生，2026届普通高校毕业未就业学生，本科及以上学历应届大学毕业生;	中国移动2027校园招聘	2027届:岗位写明,2026届:岗位写明
1	1、2027届全球高校毕业生，2026届普通高校毕业未就业学生，本科及以上学历，计算机、通信、电子、软件工程等相关专业	中国移动2027校园招聘	2027届:岗位写明,2026届:岗位写明
1	1、2027届全球高校毕业生，2026届普通高校毕业未就业学生，硕士研究生及以上学历，通信工程、计算机科学、电子信息、信息安全等相关专业优先；	中国移动2027校园招聘	2027届:岗位写明,2026届:岗位写明
1	1、2027届全球高校毕业生，2026届普通高校毕业未就业学生，硕士及以上学历；	中国移动2027校园招聘	2027届:岗位写明,2026届:岗位写明
1	1、2027届全球高校毕业生，2026届普通高校毕业未就业学生，硕士及以上学历,计算机科学、人工智能、应用数学或相关领域专业；	中国移动2027校园招聘	2027届:岗位写明,2026届:岗位写明
1	1、2027届普通高校应届毕业博士研究生学历，计算机科学、人工智能、应用数学或相关领域专业；	中国移动2027校园招聘	2027届:岗位写明
1	1) 2027年应届博士毕业生	中国移动2027校园招聘	2027届:岗位写明
1	1) 2027届全日制本科或以上学历毕业生；研究生或以上学历优先	中国移动2027校园招聘	2027届:岗位写明
1	1) 2027届全日制本科及以上学历毕业生；	中国移动2027校园招聘	2027届:岗位写明
1	1.全国统一招收录取的全日制本科及以上学历2027年应届毕业生，土木工程、工业与民用建筑、给排水科学与工程等相关专业；	中国能建2027届全球校园招聘	2027届:岗位写明
1	1.全国统一招收录取的全日制本科及以上学历2027年应届毕业生，电气工程及其自动化、测控技术与仪器、电力系统及继电保护、高压输配电线路工程等相关专业；	中国能建2027届全球校园招聘	2027届:岗位写明
1	1.全国统一招收录取的全日制本科及以上学历2027年应届毕业生，能源与动力工程、热能与动力工程、能源动力系统及其自动化、核工程与核技术、焊接技术与工程、材料成型及控制工程等相关专业；	中国能建2027届全球校园招聘	2027届:岗位写明
1	1.全国统一招收录取的全日制本科及以上学历2027年应届毕业生，机械设计制造及其自动化、起重运输与工程机械、工程机械运用与维护、钢结构技术、机电一体化等相关专业；	中国能建2027届全球校园招聘	2027届:岗位写明
1	1.全国统一招收录取的全日制本科及以上学历2027年应届毕业生，焊接技术与工程、材料成型及控制工程、金属材料工程、无损检测、高分子材料等相关专业；	中国能建2027届全球校园招聘	2027届:岗位写明
1	1.全国统一招收录取的全日制本科及以上学历2027年应届毕业生，安全工程、建筑安全技术、安全管理等相关专业；	中国能建2027届全球校园招聘	2027届:岗位写明
1	1.全国统一招收录取的全日制本科及以上学历2027年应届毕业生，工程造价、工程管理（造价方向）、工程经济与管理等相关专业；	中国能建2027届全球校园招聘	2027届:岗位写明
1	1.全国统一招收录取的全日制本科及以上学历2027年应届毕业生，会计学、财务管理等相关专业；	中国能建2027届全球校园招聘	2027届:岗位写明
1	1.全国统一招收录取的全日制本科及以上学历2027年应届毕业生，物流管理等相关专业；	中国能建2027届全球校园招聘	2027届:岗位写明
1	1.全国统一招收录取的全日制本科及以上学历2027年应届毕业生，计算机科学与技术、软件工程、网络安全等相关专业；	中国能建2027届全球校园招聘	2027届:岗位写明
1	1.本科及以上学历，2027年应届毕业生；须取得毕业证、学位证。	中国能建2027届全球校园招聘	2027届:岗位写明
1	1.本科及以上学历，2026年应届毕业生；须取得毕业证、学位证。	中国能建2027届全球校园招聘	2027届:活动标题写明,2026届:岗位写明
1	1.2027届国内外高校应届毕业生，本科及以上学历，电气工程及其自动化、机械设计制造及其自动化等相关专业，能按期取得毕业证及学位证；	中国能建2027届全球校园招聘	2027届:岗位写明
1	1.2027届国内外高校应届毕业生，本科及以上学历，水利水电工程、环境工程等相关专业，能按期取得毕业证及学位证；	中国能建2027届全球校园招聘	2027届:岗位写明
1	1.2027届国内外高校应届毕业生，本科及以上学历，安全工程相关专业，能按期取得毕业证及学位证；	中国能建2027届全球校园招聘	2027届:岗位写明
1	1.2027届国内外高校应届毕业生，本科及以上学历，水利水电工程、港口航道与海岸工程、采矿工程、地质工程等相关专业，能按期取得毕业证及学位证；	中国能建2027届全球校园招聘	2027届:岗位写明
1	1.2027届国内外高校应届毕业生，硕士及以上学历，水利水电工程、安全工程、环境工程、港口航道与海岸工程、采矿工程、地质工程等相关专业，能按期取得毕业证及学位证；	中国能建2027届全球校园招聘	2027届:岗位写明
1	1.2027届国内外高校应届毕业生，本科及以上学历，水利水电工程、安全工程、环境工程、港口航道与海岸工程、采矿工程、地质工程等相关专业，能按期取得毕业证及学位证；	中国能建2027届全球校园招聘	2027届:岗位写明
1	2.2027年7月31日前按期取得硕士学位和毕业证书；	中国能建2027届全球校园招聘	2027届:岗位写明
1	2.2027届大学本科及以上毕业生，财务管理、会计学等相关专业；	中国能建2027届全球校园招聘	2027届:岗位写明
1	9.2027届本科及以上毕业生，机械类、材料学、电子信息类、自动化等相关专业	中国能建2027届全球校园招聘	2027届:岗位写明
1	1.2027届毕业生，电气、自动化，电力系统自动化等专业毕业，研究生学历；	中国能建2027届全球校园招聘	2027届:岗位写明
1	1.应聘人员必须是2027年应届毕业生，电气工程、电力系统及其自动化、高电压与绝缘技术、电力电子与电力传动、继电保护、自动化、控制理论与控制工程、电气控制工程等相关专业； 2.应聘的国（境）外高校应届毕业生，其毕业院校应在国家教育部2027	中国能建2027届全球校园招聘	2027届:岗位写明,2026届:岗位写明
1	1.应聘人员必须是2027年应届毕业生，工程测量、摄影与遥感测量等相关专业； 2.应聘的国（境）外高校应届毕业生，其毕业院校应在国家教育部2027年公布的国家（地区）的学校名单内，毕业时间为2026年7月1日至2027年6月30日，并于20	中国能建2027届全球校园招聘	2027届:岗位写明,2026届:岗位写明
1	1.应聘人员必须是2027年应届毕业生，工程造价、工程管理等相关专业； 2.应聘的国（境）外高校应届毕业生，其毕业院校应在国家教育部2027年公布的国家（地区）的学校名单内，毕业时间为2026年7月1日至2027年6月30日，并于2027年	中国能建2027届全球校园招聘	2027届:岗位写明,2026届:岗位写明
1	1.2027年全日制大学专科学历应届毕业生，焊接技术与自动化、智能焊接等相关专业；	中国能建2027届全球校园招聘	2027届:岗位写明
1	1.2027年全日制大学专科学历应届毕业生，发电厂及电力系统、高压输配电、继电保护、电力系统自动化技术等相关专业；	中国能建2027届全球校园招聘	2027届:岗位写明
1	1.2027年全日制大学专科学历应届毕业生，电厂热能动力工程、机电一体化等相关专业；	中国能建2027届全球校园招聘	2027届:岗位写明
1	1.2027年全日制大学本科及以上学历应届毕业生，新闻学、汉语言文学等相关专业；	中国能建2027届全球校园招聘	2027届:岗位写明
1	1.2027年全日制大学本科及以上学历应届毕业生，物流管理、物联网工程等相关专业；	中国能建2027届全球校园招聘	2027届:岗位写明
1	1.2027年全日制大学本科及以上学历应届毕业生，汉语言文学、文秘、行政管理等相关专业；	中国能建2027届全球校园招聘	2027届:岗位写明
1	1.2027年全日制大学本科及以上学历应届毕业生，机械设计制造及其自动化等相关专业；	中国能建2027届全球校园招聘	2027届:岗位写明
1	1.2027年全日制大学本科及以上学历应届毕业生，会计学、财务管理等相关专业；	中国能建2027届全球校园招聘	2027届:岗位写明
1	1.2027年全日制大学本科及以上学历应届毕业生，安全工程、安全技术与管理等相关专业；	中国能建2027届全球校园招聘	2027届:岗位写明
1	1.2027年全日制大学本科及以上学历应届毕业生，工程造价、工程管理等相关专业；	中国能建2027届全球校园招聘	2027届:岗位写明
1	1.2027年全日制大学本科及以上学历应届毕业生，焊接技术与工程、材料成型及其自动化、材料科学与工程等相关专业；	中国能建2027届全球校园招聘	2027届:岗位写明
1	1.2027年全日制大学本科及以上学历应届毕业生，土木工程、交通工程、市政工程、水利水电工程等相关专业；	中国能建2027届全球校园招聘	2027届:岗位写明
1	1.2027年全日制大学本科及以上学历应届毕业生，电气工程及其自动化等相关专业；	中国能建2027届全球校园招聘	2027届:岗位写明
1	1.2027年全日制大学本科及以上学历应届毕业生，能源与动力工程等相关专业；	中国能建2027届全球校园招聘	2027届:岗位写明
1	1.2027年应届毕业生，本科及以上学历，机械设计制造及自动化、自动化、测控技术与仪器等自动化相关类专业；	中国能建2027届全球校园招聘	2027届:岗位写明
1	1.2027年应届毕业生，本科及以上学历，热能动力类等相关专业；	中国能建2027届全球校园招聘	2027届:岗位写明
1	1.2027年应届毕业生，本科及以上学历，电气工程及自动化、电力系统自动化、继电保护、高电压技术等相关专业；	中国能建2027届全球校园招聘	2027届:岗位写明
1	1.硕士研究生及以上学历，2027年应届毕业生，财务、金融、会计、税务等相关专业；	中国能建2027届全球校园招聘	2027届:岗位写明
1	1.硕士研究生及以上学历，2027年应届毕业生，建筑学等相关专业；	中国能建2027届全球校园招聘	2027届:岗位写明
1	1.硕士研究生及以上学历，2027年应届毕业生，供热、供燃气、通风及空调工程等相关专业；	中国能建2027届全球校园招聘	2027届:岗位写明
1	1.硕士研究生及以上学历，2027年应届毕业生，城市规划、总图运输、道路交通工程相关专业；	中国能建2027届全球校园招聘	2027届:岗位写明
1	1.硕士研究生及以上学历，2027年应届毕业生，通信工程、电子信息、网络工程等相关专业；	中国能建2027届全球校园招聘	2027届:岗位写明
1	1.硕士研究生及以上学历，2027年应届毕业生，土木工程、电气工程、技术经济等相关专业；	中国能建2027届全球校园招聘	2027届:岗位写明
1	1.硕士研究生及以上学历，2027年应届毕业生，可再生能源科学与工程、地图学与地理信息系统、土木工程（含结构风工程方向）、应用气象学、流体力学等相关专业；	中国能建2027届全球校园招聘	2027届:岗位写明
1	1.硕士研究生及以上学历，2027年应届毕业生，环境科学与工程（含陆生生态、水生生态、海洋生态、林业生态方向）、生态学、资源与环境等相关专业；	中国能建2027届全球校园招聘	2027届:岗位写明
1	1.硕士研究生及以上学历，2027年应届毕业生，测绘科学与技术、摄影测量与遥感等相关专业；	中国能建2027届全球校园招聘	2027届:岗位写明
1	1.硕士研究生及以上学历，2027年应届毕业生，地质工程、岩土工程等相关专业；	中国能建2027届全球校园招聘	2027届:岗位写明
1	1.硕士研究生及以上学历，2027年应届毕业生，自动化、控制科学与工程、智能控制等相关专业；	中国能建2027届全球校园招聘	2027届:岗位写明
1	1.硕士研究生及以上学历，2027年应届毕业生，动力工程及工程热物理（含流体机械及工程）、核科学与技术、能源动力、可再生能源科学与工程、清洁能源技术等相关专业；	中国能建2027届全球校园招聘	2027届:岗位写明
1	1.硕士研究生及以上学历，2027年应届毕业生，土木工程、土木水利、结构工程、水工结构工程、船舶与海洋工程、港口、海岸及近海工程等相关专业；	中国能建2027届全球校园招聘	2027届:岗位写明
1	1.大学本科及以上学历,2027年应届毕业生，电力系统及其自动化等相关专业；	中国能建2027届全球校园招聘	2027届:岗位写明
1	1.大学本科及以上学历，2027年应届毕业生，电气工程（含电力系统及其自动化、高电压与绝缘技术、电机与电器、电力电子与电力传动、电气工程与智能控制）、新能源科学与工程、储能科学与工程、清洁能源技术（新型电力系统方向）等相关专业；	中国能建2027届全球校园招聘	2027届:岗位写明
1	1.旅游管理、酒店管理等专业本科学历；2026年应届毕业生；	中国能建2027届全球校园招聘	2027届:活动标题写明,2026届:岗位写明
1	1.学历：本科及以上学历，2027届应届毕业生；	中国能建2027届全球校园招聘	2027届:岗位写明
1	2.全 日 制本科及以上学历，2027届应届毕业生；须取得毕业证、学位证，大学英语四级425分以上。	中国能建2027届全球校园招聘	2027届:岗位写明
1	3.全日制本科及以上学历，2027届应届毕业生；须取得毕业证、学位证，大学英语六级证书。	中国能建2027届全球校园招聘	2027届:岗位写明
1	2.研究生硕士学历优先（结构、结构、暖通、智能建筑等），2027届应届毕业生；须取得毕业证、学位证，大学英语四级425分以上。	中国能建2027届全球校园招聘	2027届:岗位写明
1	1.硕士及以上学历（博士优先），2027届应届毕业生。	中国航天科工集团有限公司2027届校园招聘	2027届:岗位写明
1	<span style="font-size: 14px;color: #666666;">2027届硕士毕业生，力学类专业</span>	中国航天科工集团有限公司2027届校园招聘	2027届:岗位写明
1	<span style="font-size: 14px;color: #666666;">2027届博士毕业生，力学类专业</span>	中国航天科工集团有限公司2027届校园招聘	2027届:岗位写明
1	<span style="font-size: 14px;color: #666666;">2027届硕士毕业生，法律类相关专业</span>	中国航天科工集团有限公司2027届校园招聘	2027届:岗位写明
1	<span style="font-size: 14px;color: #666666;">2027届硕士毕业生，财会类相关专业</span>	中国航天科工集团有限公司2027届校园招聘	2027届:岗位写明
1	<span style="font-size: 14px;color: #666666;">2027届硕士毕业生，材料科学与工程类专业</span>	中国航天科工集团有限公司2027届校园招聘	2027届:岗位写明
1	2027届硕士毕业生，数学类专业	中国航天科工集团有限公司2027届校园招聘	2027届:岗位写明
1	<span style="font-size: 14px;color: #666666;">2027届硕士毕业生，物理学类专业</span>	中国航天科工集团有限公司2027届校园招聘	2027届:岗位写明
1	<span style="font-size: 14px;color: #666666;">2027届硕士毕业生，仪器科学与技术类专业</span>	中国航天科工集团有限公司2027届校园招聘	2027届:岗位写明
1	<span style="font-size: 14px;color: #666666;">2027届硕士毕业生，计算机科学与技术类专业</span>	中国航天科工集团有限公司2027届校园招聘	2027届:岗位写明
1	<span style="font-size: 14px;color: #666666;">2027届硕士毕业生，机械工程类专业</span>	中国航天科工集团有限公司2027届校园招聘	2027届:岗位写明
1	<span style="font-size: 14px;color: #666666;">2027届硕士毕业生，可靠性工程类专业</span>	中国航天科工集团有限公司2027届校园招聘	2027届:岗位写明
1	<span style="font-size: 14px;color: #666666;">2027届硕士毕业生，控制科学与工程类专业</span>	中国航天科工集团有限公司2027届校园招聘	2027届:岗位写明
1	<span style="font-size: 14px;color: #666666;">2027届硕士毕业生，电子科学与技术类专业</span>	中国航天科工集团有限公司2027届校园招聘	2027届:岗位写明
1	<span style="font-size: 14px;color: #666666;">2027届硕士毕业生，兵器科学与技术类专业</span>	中国航天科工集团有限公司2027届校园招聘	2027届:岗位写明
1	<span style="font-size: 14px;color: #666666;">2027届硕士毕业生，动力工程及工程热物理类专业</span>	中国航天科工集团有限公司2027届校园招聘	2027届:岗位写明
1	<span style="font-size: 14px;color: #666666;">2027届硕士毕业生，航空宇航科学与技术类专业</span>	中国航天科工集团有限公司2027届校园招聘	2027届:岗位写明
1	<span style="font-size: 14px;color: #666666;">2027届博士毕业生，材料科学与工程类专业</span>	中国航天科工集团有限公司2027届校园招聘	2027届:岗位写明
1	<span style="font-size: 14px;color: #666666;">2027届博士毕业生，数学类专业</span>	中国航天科工集团有限公司2027届校园招聘	2027届:岗位写明
1	<span style="font-size: 14px;color: #666666;">2027届博士毕业生，物理学类专业</span>	中国航天科工集团有限公司2027届校园招聘	2027届:岗位写明
1	<span style="font-size: 14px;color: #666666;">2027届博士毕业生，仪器科学与技术类专业</span>	中国航天科工集团有限公司2027届校园招聘	2027届:岗位写明
1	<span style="font-size: 14px;color: #666666;">2027届博士毕业生，计算机科学与技术类专业</span>	中国航天科工集团有限公司2027届校园招聘	2027届:岗位写明
1	<span style="font-size: 14px;color: #666666;">2027届博士毕业生，机械工程类专业</span>	中国航天科工集团有限公司2027届校园招聘	2027届:岗位写明
1	<span style="font-size: 14px;color: #666666;">2027届博士毕业生，可靠性工程类专业</span>	中国航天科工集团有限公司2027届校园招聘	2027届:岗位写明
1	<span style="font-size: 14px;color: #666666;">2027届博士毕业生，控制科学与工程类专业</span>	中国航天科工集团有限公司2027届校园招聘	2027届:岗位写明
1	<span style="font-size: 14px;color: #666666;">2027届博士毕业生，电子科学与技术类专业</span>	中国航天科工集团有限公司2027届校园招聘	2027届:岗位写明
1	<span style="font-size: 14px;color: #666666;">2027届博士毕业生，兵器科学与技术类专业</span>	中国航天科工集团有限公司2027届校园招聘	2027届:岗位写明
1	<span style="font-size: 14px;color: #666666;">2027届博士毕业生，动力工程及工程热物理类专业</span>	中国航天科工集团有限公司2027届校园招聘	2027届:岗位写明
1	<span style="font-size: 14px;color: #666666;">2027届博士毕业生，航空宇航科学与技术类专业</span>	中国航天科工集团有限公司2027届校园招聘	2027届:岗位写明
1	1.2027应届毕业生，硕士研究生及以上学历。	中国航天科工集团有限公司2027届校园招聘	2027届:岗位写明
1	1.2027届硕士研究生及以上学历，供应链管理、物流管理、工商管理、机械、材料、经济管理类等相关专业；	中国航天科工集团有限公司2027届校园招聘	2027届:岗位写明
1	1.2027届全日制硕士及以上学历，材料类、机械类、测控类、无损检测、质量管理等相关专业；	中国航天科工集团有限公司2027届校园招聘	2027届:岗位写明
1	1.2027届全日制硕士及以上学历，材料科学与工程、机械工程、测控技术与仪器、检测技术等相关专业；	中国航天科工集团有限公司2027届校园招聘	2027届:岗位写明
1	1.2027届全日制硕士及以上学历，机械设计制造及其自动化、机械工程、材料成型、智能制造等相关专业；	中国航天科工集团有限公司2027届校园招聘	2027届:岗位写明
1	1.学历要求：2027届普通高等院校硕士及以上学历；2026届未就业优秀毕业生也可招收。	中国联通2027校园招聘	2027届:岗位写明,2026届:岗位写明
1	1.学历要求：2027届普通高等院校硕士及以上学历；2026届未就业优秀毕业生。	中国联通2027校园招聘	2027届:岗位写明,2026届:岗位写明
1	1、学历要求：2027 届普通高等院校本科及以上学历；2026 届未就业优秀毕业生。	中国联通2027校园招聘	2027届:岗位写明,2026届:岗位写明
1	2026届国内外高校毕业或2025届未就业国内外高校毕业，普通高等院校硕士研究生及以上学历，并具有相应学位 需2026年9月1日前取得相应毕业证及学位证	中国联通2027校园招聘	2027届:活动标题写明,2026届:岗位写明,2025届:岗位写明
1	2、学历要求：2027届普通高等院校硕士研究生及以上学历，2026届未就业毕业生也可招收，具有相应学位；	中国联通2027校园招聘	2027届:岗位写明,2026届:岗位写明
1	1、学历要求：2027届普通高等院校硕士研究生及以上学历，2026届未就业毕业生也可招收，具有相应学位；	中国联通2027校园招聘	2027届:岗位写明,2026届:岗位写明
1	1、学历要求: 2027届普通高等院校本科及以上学历，并具有相应学位。	中国联通2027校园招聘	2027届:岗位写明
1	2026届未就业及2027届普通高等院校本科及以上学历，并取得相关学位。	中国联通2027校园招聘	2027届:岗位写明,2026届:岗位写明
1	2026届未就业及2027届普通高等院校本科及以上学历，并具有相应学位。	中国联通2027校园招聘	2027届:岗位写明,2026届:岗位写明
1	1.学历要求：2027届普通高等院校本科及以上学历，并具有相应学位；	中国联通2027校园招聘	2027届:岗位写明
1	1.学历要求：2026届未就业、2027届普通高等院校硕士研究生及以上学历；	中国联通2027校园招聘	2027届:岗位写明,2026届:岗位写明
1	1、学历要求：2026届未就业、2027届普通高等院校硕士研究生及以上学历。	中国联通2027校园招聘	2027届:岗位写明,2026届:岗位写明
1	1.学历要求：硕士研究生及以上学历，2027届应届毕业生，计算机、网络安全、信息安全、通信工程、电子信息等相关专业。	中国联通2027校园招聘	2027届:岗位写明
1	1、学历要求：2027届普通高等院校应届硕士研究生及以上学历，专业基础扎实，学习态度端正。	中国联通2027校园招聘	2027届:岗位写明
1	2027届普通高等院校硕士研究生及以上学历，专业基础扎实，应届生身份纯正。	中国联通2027校园招聘	2027届:岗位写明
1	1.学历要求：2027届硕士研究生及以上学历;	中国联通2027校园招聘	2027届:岗位写明
1	1、学历要求：2027届毕业的硕士及以上研究生	中国联通2027校园招聘	2027届:岗位写明
1	1.学历要求：2027届硕士研究生及以上学历，且取得相应学位；	中国联通2027校园招聘	2027届:岗位写明
1	1.2027届硕士研究生及以上学历学位，计算机类、电子信息类、数学类、统计学类、自动化类专业;	中国联通2027校园招聘	2027届:岗位写明
1	1.2027届硕士研究生及以上学历学位，计算机类、电子信息类、数学类、统计学类、自动化类专业；	中国联通2027校园招聘	2027届:岗位写明
1	1. 1.2027届硕士研究生及以上学历学位，计算机类、电子信息类、数学类、统计学类、自动化类专业，具备扎实的数理基础与算法理论功底。	中国联通2027校园招聘	2027届:岗位写明
1	1、学历要求：2027届普通高等院校硕士研究生及以上学历毕业生（海外院校毕业生毕业时间应不超过2年）,博士研究生优先。	中国联通2027校园招聘	2027届:岗位写明
1	应届毕业生（毕业2年内）	应届毕业生	未注明
1	应届毕业生（0-12个月经验）	应届毕业生	未注明
1	1、国家普通高等院校统分统招2027年应届毕业研究生及处于择业期的2026届毕业研究生，中共党员；	中国兵器工业集团有限公司2027校园招聘	2027届:岗位写明,2026届:岗位写明
1	1. 本科及以上学历，2027届应届毕业生，电气自动化、机电一体化、自动化、智能控制、电气工程及其自动化等相关专业。	中国兵器工业集团有限公司2027校园招聘	2027届:岗位写明
1	1. 本科及以上学历，2027届应届毕业生，材料成型、焊接工程、车辆工程、机械制造、智能制造、工业工程等相关专业。	中国兵器工业集团有限公司2027校园招聘	2027届:岗位写明
1	6.2026年毕业。	中国兵器工业集团有限公司2027校园招聘	2027届:活动标题写明,2026届:岗位写明
1	1、2027届全日制本科及以上学历，中共党员（含预备党员）。	中国远洋海运集团有限公司2027校园招聘	2027届:岗位写明
1	2027年应届博士毕业生 3.学历要求：2027年应届博士研究生。	中国电力建设集团有限公司2027校园招聘	2027届:岗位写明
1	2027届硕/博毕业生优先		2027届:岗位写明
1	2027届本科及以上应届毕业生(毕业时间2026年9月1日-2027年8月31日)		2027届:岗位写明
1	2026届、2027届均可投递		2027届:岗位写明,2026届:岗位写明
1	全球2027届应届毕业生(毕业时间2026年9月-2027年7月)		2027届:岗位写明,2026届:岗位写明
1	毕业时间2026年10月-2027年7月的海内外院校同学		2027届:岗位写明,2026届:岗位写明
1	2027届本硕应届生		2027届:岗位写明
