section,slug,original_name,cleaned_name,source
beisen,csc108,中信建投,中信建投,unchanged
beisen,cicc,中金公司,中金公司,unchanged
beisen,guosen,国信证券,国信证券,unchanged
beisen,mintai,浙江民泰商业银行,浙江民泰商业银行,unchanged
beisen,7sef,七色纺商业连锁有限公司,七色纺商业连锁有限公司,unchanged
beisen,acpl-cummins,安徽康明斯,安徽康明斯,unchanged
beisen,actionstech,炬芯科技,炬芯科技,unchanged
beisen,actri,中国航空工业集团公司西安航空计算技术研究所,中国航空工业集团公司西安航空计算技术研究所,unchanged
beisen,adaps-ph,灵明光子,灵明光子,unchanged
beisen,ahxunying,安徽巡鹰新能源集团有限公司,安徽巡鹰新能源集团有限公司,unchanged
beisen,aimer,爱慕集团,爱慕集团,unchanged
beisen,aimsphm,安脉盛,安脉盛,unchanged
beisen,ainuo,艾诺仪器公司,艾诺仪器公司,unchanged
beisen,aipower,仪电智算,仪电智算,unchanged
beisen,aispeech,思必驰科技股份有限公司,思必驰科技股份有限公司,unchanged
beisen,aiva,AIVA汽车校园招聘门户网,AIVA汽车,table
beisen,altobeam,高拓讯达(北京)微电子股份有限公司,高拓讯达(北京)微电子股份有限公司,unchanged
beisen,amies,芯上微装,芯上微装,unchanged
beisen,amlogicsh,晶晨半导体,晶晨半导体,unchanged
beisen,ankai,安凯,安凯,unchanged
beisen,anycubic,纵维立方,纵维立方,unchanged
beisen,aosom1,遨森电商,遨森电商,unchanged
beisen,asiacore,亚中医疗,亚中医疗,unchanged
beisen,asustek,华硕科技（苏州）有限公司,华硕科技（苏州）有限公司,unchanged
beisen,asymchem,凯莱英,凯莱英,unchanged
beisen,atazpower,广州旭之源科技有限公司,广州旭之源科技有限公司,unchanged
beisen,avicasri,强度所,强度所,unchanged
beisen,avicbs,航空工业宝胜,航空工业宝胜,unchanged
beisen,avicmti,中国航空制造技术研究院,中国航空制造技术研究院,unchanged
beisen,avicsz,中航科创,中航科创,unchanged
beisen,aviczp,哈尔滨飞机工业集团有限责任公司,哈尔滨飞机工业集团有限责任公司,unchanged
beisen,awinic1,艾为电子|中国数模龙头|艾为,艾为电子,table
beisen,babybus,宝宝巴士,宝宝巴士,unchanged
beisen,babycare,Babycare招聘官网-今天你投简历了吗？,Babycare,table
beisen,baictruck,北汽重卡,北汽重卡,unchanged
beisen,bamatea,八马茶业股份有限公司,八马茶业股份有限公司,unchanged
beisen,bdstar,北斗星通,北斗星通,unchanged
beisen,befar,滨化集团,滨化集团,unchanged
beisen,bestsemi,屹唐半导体,屹唐半导体,unchanged
beisen,bfhc1,华丞电子,华丞电子,unchanged
beisen,bgechina1,高能环境,高能环境,unchanged
beisen,bicheng,碧橙数字,碧橙数字,unchanged
beisen,biwin1,佰维存储,佰维存储,unchanged
beisen,bj-tct,交控科技股份有限公司,交控科技股份有限公司,unchanged
beisen,bjsubway,北京地铁,北京地铁,unchanged
beisen,blueswords,兰剑智能,兰剑智能,unchanged
beisen,bmc-medical,BMC瑞迈特集团招聘门户,BMC瑞迈特,table
beisen,bodor,济南邦德激光股份有限公司,济南邦德激光股份有限公司,unchanged
beisen,bomc,中山大洋电机股份有限公司,中山大洋电机股份有限公司,unchanged
beisen,bpsemi,晶丰明源网申,晶丰明源,table
beisen,britesemi,灿芯半导体,灿芯半导体,unchanged
beisen,capchem,深圳新宙邦科技股份有限公司,深圳新宙邦科技股份有限公司,unchanged
beisen,careerktc,深圳市康冠科技股份有限公司,深圳市康冠科技股份有限公司,unchanged
beisen,cas-space,中科宇航,中科宇航,unchanged
beisen,casco,卡斯柯信号有限公司,卡斯柯信号有限公司,unchanged
beisen,cast,航天五院遥感部,航天五院遥感部,unchanged
beisen,catic,中航技,中航技,unchanged
beisen,ccgrass,共创草坪,共创草坪,unchanged
beisen,cetc36,中国电子科技集团公司第三十六研究所0607,中国电科三十六所,table
beisen,cfmee,芯碁微装,芯碁微装,unchanged
beisen,chang-qiang,长强系统,长强系统,unchanged
beisen,charleskeith,桦洁商贸（上海）有限公司,桦洁商贸（上海）有限公司,unchanged
beisen,chempartner,睿智医药,睿智医药,unchanged
beisen,chinacamel1,骆驼集团股份有限公司,骆驼集团股份有限公司,unchanged
beisen,chinaecec,中国化学东华公司,中国化学东华公司,unchanged
beisen,chipsea,芯海科技,芯海科技,unchanged
beisen,chjgroup,潮宏基,潮宏基,unchanged
beisen,cht-group3,扬腾创新,扬腾创新,unchanged
beisen,cictmobile,中信科移动,中信科移动,unchanged
beisen,cimm,航空工业计量所,航空工业计量所,unchanged
beisen,cjzq3,长江证券研究所暑期实习,长江证券研究所暑期实习,unchanged
beisen,cmcu,中机中联工程有限公司,中机中联工程有限公司,unchanged
beisen,cmi,招商船舶,招商船舶,unchanged
beisen,cndi,中国南山,中国南山,unchanged
beisen,colgate,高露洁校园招聘门户,高露洁,table
beisen,coli688,中海企业发展集团有限公司,中海企业发展集团有限公司,unchanged
beisen,comewonka,卡旺卡,卡旺卡,unchanged
beisen,copm,中海物业集团有限公司,中海物业集团有限公司,unchanged
beisen,cqpharm,凯瑞斯德集团,凯瑞斯德集团,unchanged
beisen,crealights,海光芯正集团,海光芯正集团,unchanged
beisen,crscd,中国通号研究设计院集团,中国通号研究设计院集团,unchanged
beisen,crystal-optech1,浙江水晶光电科技股份有限公司,浙江水晶光电科技股份有限公司,unchanged
beisen,csl-vacuum,恒运昌校园,恒运昌,table
beisen,cssc712,中国船舶集团有限公司第七一二研究所,中国船舶集团有限公司第七一二研究所,unchanged
beisen,csscsws,外高桥造船,外高桥造船,unchanged
beisen,cxtc-jt2,九江金鹭硬质合金有限公司,九江金鹭硬质合金有限公司,unchanged
beisen,dalipal,达力普石油专用管有限公司,达力普石油专用管有限公司,unchanged
beisen,darryring,迪阿股份有限公司,迪阿股份有限公司,unchanged
beisen,dartrich,大通宝富,大通宝富,unchanged
beisen,daxincpa,大信会计,大信会计,unchanged
beisen,dcits,神州信息,神州信息,unchanged
beisen,dearsamsung,中国三星,中国三星,unchanged
beisen,degson,高松电子,高松电子,unchanged
beisen,delton,广合招聘门户,广合科技,table
beisen,deye,德业,德业,unchanged
beisen,dfdchem1,多氟多,多氟多,unchanged
beisen,digitalchina,神州数码集团,神州数码集团,unchanged
beisen,dioo,校招,帝奥微,table
beisen,dptech,杭州迪普科技股份有限公司,杭州迪普科技股份有限公司,unchanged
beisen,duxact,都正生物,都正生物,unchanged
beisen,dwywood1,大王椰,大王椰,unchanged
beisen,dymind,帝迈生物,帝迈生物,unchanged
beisen,dynanonic3,德方纳米2027届校招,德方纳米,table
beisen,echint,成都奕成科技股份有限公司,成都奕成科技股份有限公司,unchanged
beisen,ecmax,苏州极易科技股份有限公司,苏州极易科技股份有限公司,unchanged
beisen,ecosda,东方算芯,东方算芯,unchanged
beisen,egova,数字政通,数字政通,unchanged
beisen,enn,新奥集团,新奥集团,unchanged
beisen,enpower,英搏尔,英搏尔,unchanged
beisen,envicool,英维克,英维克,unchanged
beisen,eoptolink,成都新易盛通信技术股份有限公司,成都新易盛通信技术股份有限公司,unchanged
beisen,esign,e签宝招聘官网-杭州天谷信息科技有限公司,e签宝,table
beisen,esunny,易盛信息,易盛信息,unchanged
beisen,esunsoft,亿星软件,亿星软件,unchanged
beisen,eswin-si,西安奕斯伟材料科技股份有限公司,西安奕斯伟材料科技股份有限公司,unchanged
beisen,farben,法本信息,法本信息,unchanged
beisen,fast,法士特,法士特,unchanged
beisen,fedi,中国电建福建院,中国电建福建院,unchanged
beisen,feibo,飞博共创,飞博共创,unchanged
beisen,felicitysolar,菲利斯太阳能,菲利斯太阳能,unchanged
beisen,flyaitalent,泛联新安x校招门户,泛联新安,table
beisen,forlinx1,飞凌嵌入式招聘门户,飞凌嵌入式,table
beisen,foryouge,华阳通用-招聘门户,华阳通用,table
beisen,founderpcb,方科PCB,方科PCB,unchanged
beisen,fox-ess,麦田能源,麦田能源,unchanged
beisen,frontagelab,方达中国,方达中国,unchanged
beisen,frontop,凡拓数字,凡拓数字,unchanged
beisen,frsh,迅销（上海）企业管理咨询有限公司,迅销（上海）企业管理咨询有限公司,unchanged
beisen,fscut,柏楚电子,柏楚电子,unchanged
beisen,fullsemi,富芯半导体招聘网申,富芯半导体,table
beisen,fusion-materials,聚和材料,聚和材料,unchanged
beisen,fzzixun,紫讯科技,紫讯科技,unchanged
beisen,galaxea,星海图,星海图,unchanged
beisen,gccloud,科大国创云网招聘门户,科大国创云网,strip
beisen,gdadri,省建院,省建院,unchanged
beisen,gdhw,高德红外,高德红外,unchanged
beisen,geek3,极客未来招聘门户（新）,极客未来,table
beisen,gejian-semi,格见半导体,格见半导体,unchanged
beisen,gention,格通智联,格通智联,unchanged
beisen,genxinyuecom,亘芯悦,亘芯悦,unchanged
beisen,gesac,厦门金鹭,厦门金鹭,unchanged
beisen,gktx,国科天迅,国科天迅,unchanged
beisen,goke1,湖南国科微电子股份有限公司,湖南国科微电子股份有限公司,unchanged
beisen,gongniu,公牛集团,公牛集团,unchanged
beisen,govee,智岩科技,智岩科技,unchanged
beisen,gravityxr,万有引力（宁波）电子科技有限公司,万有引力（宁波）电子科技有限公司,unchanged
beisen,gresgying,绿能慧充招聘门户,绿能慧充,table
beisen,gwpst,长城电源,长城电源,unchanged
beisen,gzlhjt,贵州磷化集团,贵州磷化集团,unchanged
beisen,gzupdc,市城规公司,市城规公司,unchanged
beisen,h618,航空工业自控所,航空工业自控所,unchanged
beisen,haid1,海大官网招聘门户,海大集团,table
beisen,haige,海格通信,海格通信,unchanged
beisen,hailiang8,海亮教育集团,海亮教育集团,unchanged
beisen,hanyao,邯药公司,邯药公司,unchanged
beisen,hayao,哈药集团股份有限公司,哈药集团股份有限公司,unchanged
beisen,hcmicro,华创微官方网申渠道,江苏华创微系统有限公司,table
beisen,hdcq,陕西汉德车桥有限公司,陕西汉德车桥有限公司,unchanged
beisen,hec,东阳光,东阳光,unchanged
beisen,hellobike,上海哈啰普惠科技有限公司,上海哈啰普惠科技有限公司,unchanged
beisen,hengan1,恒安集团,恒安集团,unchanged
beisen,hengdian,横店集团控股有限公司,横店集团控股有限公司,unchanged
beisen,hengdian-ie,浙江横店进出口有限公司,浙江横店进出口有限公司,unchanged
beisen,hengdian2,英洛华科技股份有限公司,英洛华科技股份有限公司,unchanged
beisen,henlius,复宏汉霖Henlius,复宏汉霖Henlius,unchanged
beisen,hetao101,核桃编程,核桃编程,unchanged
beisen,hibr,翰博高新材料（合肥）股份有限公司,翰博高新材料（合肥）股份有限公司,unchanged
beisen,highpowertech,豪鹏科技,豪鹏科技,unchanged
beisen,highstar,江苏海四达电源有限公司,江苏海四达电源有限公司,unchanged
beisen,higold,悍高集团,悍高集团,unchanged
beisen,hillstonenet,山石网科通信技术股份有限公司,山石网科通信技术股份有限公司,unchanged
beisen,himile,豪迈,豪迈,unchanged
beisen,histudy,快乐学习,快乐学习,unchanged
beisen,hisunpharm,海正药业,海正药业,unchanged
beisen,hitachienergy,日立能源,日立能源,unchanged
beisen,hitrendtech1,钜泉科技招聘网,钜泉科技,table
beisen,hkaco,虹科招聘--Science leads Success,虹科,table
beisen,holley,华立科技股份有限公司,华立科技股份有限公司,unchanged
beisen,hollyland,昊一源,昊一源,unchanged
beisen,homa-hr,广东奥马冰箱有限公司,广东奥马冰箱有限公司,unchanged
beisen,hongdu,江西洪都航空工业集团有限责任公司,江西洪都航空工业集团有限责任公司,unchanged
beisen,hopewind,禾望电气,禾望电气,unchanged
beisen,hrbbcf1,哈银消费金融,哈银消费金融,unchanged
beisen,hrnordkete,诺德凯（苏州）智能装备有限公司,诺德凯（苏州）智能装备有限公司,unchanged
beisen,hsingchen,“芯之所向 星耀未来”湖北星辰-2027,湖北星辰技术有限公司,table
beisen,huace,华测导航,华测导航,unchanged
beisen,hudong,沪东中华造船集团,沪东中华造船集团,unchanged
beisen,huitian1,招聘门户网站,回天新材,table
beisen,hwatsing1,华海清科-2027,华海清科-2027,unchanged
beisen,hynitron,海栎创,海栎创,unchanged
beisen,hyxipower,华昱欣招聘门户,华昱欣,table
beisen,hzgnj,菇娘家,菇娘家,unchanged
beisen,hzncc,华中数控,华中数控,unchanged
beisen,ikingtec,云圣智能--招聘门户,云圣智能,table
beisen,ingin,恩井智控,恩井智控,unchanged
beisen,injet-instrument,英杰晨晖官方,英杰晨晖官方,unchanged
beisen,inm,一鸣,一鸣,unchanged
beisen,innosilicon,芯动科技,芯动科技,unchanged
beisen,insight-med,北芯生命,北芯生命,unchanged
beisen,intellif,云天励飞,云天励飞,unchanged
beisen,intelligents,中国航空无线电电子研究所,中国航空无线电电子研究所,unchanged
beisen,intsig,合合信息招聘门户,合合信息,table
beisen,irayple,华睿科技,华睿科技,unchanged
beisen,irootech,树根科技,树根科技,unchanged
beisen,istar-group,智慧星空(上海)工程技术有限公司,智慧星空(上海)工程技术有限公司,unchanged
beisen,iwhalecloud1,浩鲸科技,浩鲸科技,unchanged
beisen,jd-energy,西安奇点能源股份有限公司,西安奇点能源股份有限公司,unchanged
beisen,jdbchina,加多宝（中国）饮料有限公司,加多宝（中国）饮料有限公司,unchanged
beisen,jftech,杰峰物联,杰峰物联,unchanged
beisen,jieshun,深圳市捷顺科技实业股份有限公司（校园招聘）,捷顺科技,table
beisen,jifengseat,继峰座椅,继峰座椅,unchanged
beisen,jinbei,金杯电工股份有限公司,金杯电工股份有限公司,unchanged
beisen,jingpai,劲牌有限公司,劲牌有限公司,unchanged
beisen,jingxinpharm1,浙江京新药业股份有限公司,浙江京新药业股份有限公司,unchanged
beisen,jmgroup-o,JM华中华东区,JM华中华东区,unchanged
beisen,jnzhaopin,江南造船（集团）有限责任公司,江南造船（集团）有限责任公司,unchanged
beisen,joeone,九牧王股份有限公司,九牧王股份有限公司,unchanged
beisen,joinsilicon,中茵微电子,中茵微电子,unchanged
beisen,jouav,纵横股份,纵横股份,unchanged
beisen,jsboth,柏诚系统科技股份有限公司,柏诚系统科技股份有限公司,unchanged
beisen,jsgian,精研科技,精研科技,unchanged
beisen,jssoft,金山云,金山云,unchanged
beisen,jtxzspace,苏州吉天星舟空间技术有限公司,苏州吉天星舟空间技术有限公司,unchanged
beisen,jusha,巨鲨医疗校园招聘门户,巨鲨医疗,table
beisen,jxepdipowerchina,电建江西院,电建江西院,unchanged
beisen,jxrt,融通供应链招聘门户,建信融通,table
beisen,jzfz,基准方中,基准方中,unchanged
beisen,kaijin2,凯金,凯金,unchanged
beisen,kaiquanhr,凯泉,凯泉,unchanged
beisen,kangni,南京康尼机电股份有限公司,南京康尼机电股份有限公司,unchanged
beisen,kdgcsoft,科大国创股份有限公司招聘门户,科大国创股份有限公司,strip
beisen,kemen,陈克明食品股份有限公司,陈克明食品股份有限公司,unchanged
beisen,kengic,科捷智能招聘门户,科捷智能,table
beisen,kewell,科威尔,科威尔,unchanged
beisen,king-eagle,晶易医药,晶易医药,unchanged
beisen,kingmed,广州金域医学检验中心有限公司,广州金域医学检验中心有限公司,unchanged
beisen,kjgb,高标,高标,unchanged
beisen,kkguan,KK集团,KK集团,unchanged
beisen,kniulink,牛芯半导体企业,牛芯半导体企业,unchanged
beisen,kunlunxin1,昆仑芯招聘门户,昆仑芯,table
beisen,kwmcareer,金杜,金杜,unchanged
beisen,lcgljt,绿城房地产建设管理集团有限公司,绿城房地产建设管理集团有限公司,unchanged
beisen,ldrobot,乐动机器人,乐动机器人,unchanged
beisen,leapsightech,LST,LST,unchanged
beisen,lecarc,希奥端,希奥端,unchanged
beisen,leedarson,立达信物联科技,立达信物联科技,unchanged
beisen,leetx,砺星工业科技,砺星工业科技,unchanged
beisen,leoking,朗坤科技,朗坤科技,unchanged
beisen,lgmg,临工重机,临工重机,unchanged
beisen,lianheguangdian,中山联合光电科技股份有限公司,中山联合光电科技股份有限公司,unchanged
beisen,linkhou,灵猴机器人2027,灵猴机器人,table
beisen,linshimuye,LINSY 林氏,LINSY 林氏,unchanged
beisen,lisen,深圳市李森智能有限公司,深圳市李森智能有限公司,unchanged
beisen,liteon,光寶新創校園招募,光寶新創校園招募,unchanged
beisen,liyi99,礼意久久,礼意久久,unchanged
beisen,liyuanheng,利元亨,利元亨,unchanged
beisen,lngzl,广之旅,广之旅,unchanged
beisen,lockin,鹿客科技,鹿客科技,unchanged
beisen,longsys,江波龙,江波龙,unchanged
beisen,lopal,龙蟠科技,龙蟠科技,unchanged
beisen,lsjyzp,湖北绿色家园材料技术股份有限公司,湖北绿色家园材料技术股份有限公司,unchanged
beisen,luxpowertek,鹏城新能,鹏城新能,unchanged
beisen,luxshare-tech,立讯技术,立讯技术,unchanged
beisen,lxjchina1,安徽老乡鸡餐饮有限公司,安徽老乡鸡餐饮有限公司,unchanged
beisen,maxio-tech1,联芸科技,联芸科技,unchanged
beisen,medcaptain,麦科田医疗,麦科田医疗,unchanged
beisen,mediatek,联发科技,联发科技,unchanged
beisen,megarobo,镁伽,镁伽,unchanged
beisen,metapwr,沛塬电子,沛塬电子,unchanged
beisen,microsatehr,卫星创新院人才,卫星创新院人才,unchanged
beisen,milesight,厦门星纵物联,厦门星纵物联,unchanged
beisen,mingshiim,鸣石私募基金,鸣石私募基金,unchanged
beisen,minospace,微纳星空,微纳星空,unchanged
beisen,molchip,眸芯,眸芯,unchanged
beisen,morningfast,雷特科技,雷特科技,unchanged
beisen,mornsun,广州金升阳科技有限公司,广州金升阳科技有限公司,unchanged
beisen,mova,MOVA,MOVA,unchanged
beisen,mthreads,摩尔线程招聘门户,摩尔线程,table
beisen,myfund,明毅私募基金管理有限公司,明毅私募基金管理有限公司,unchanged
beisen,nationalchip,国芯微nationalchip,国芯微nationalchip,unchanged
beisen,nawaa,南华期货,南华期货,unchanged
beisen,newland,新大陆科技集团,新大陆科技集团,unchanged
beisen,newlandpayment,新大陆支付技术,新大陆支付技术,unchanged
beisen,nexchip,合肥晶合集成电路股份有限公司,合肥晶合集成电路股份有限公司,unchanged
beisen,ninestar,纳思达,纳思达,unchanged
beisen,nlscan,新大陆自动识别,新大陆自动识别,unchanged
beisen,noposion,诺普信,诺普信,unchanged
beisen,nrec1,北森平台-博瑞电力招聘专场,博瑞电力,table
beisen,nwh,电建西北院,电建西北院,unchanged
beisen,nyocor,金开新能,金开新能,unchanged
beisen,obiosh,招聘公众号,和元生物,table
beisen,oetsky,格蓝若,格蓝若,unchanged
beisen,olight,傲雷集团,傲雷集团,unchanged
beisen,olo-home,南京我乐家居股份有限公司,南京我乐家居股份有限公司,unchanged
beisen,orienspace,东方空间,东方空间,unchanged
beisen,orientcable,东方电缆,东方电缆,unchanged
beisen,oseasy,噢易云,噢易云,unchanged
beisen,ovt-omnivision,豪威科技（上海）有限公司,豪威科技（上海）有限公司,unchanged
beisen,paratera,并行集团,并行集团,unchanged
beisen,pcgpower,碧澄能源,碧澄能源,unchanged
beisen,peninsulalaser,半岛医疗,半岛医疗,unchanged
beisen,piotech,拓荆科技,拓荆科技,unchanged
beisen,pmish-tech,上海精测招聘门户,上海精测半导体,table
beisen,polyton,普力通,普力通,unchanged
beisen,porton,博腾制药,博腾制药,unchanged
beisen,pret,普利特,普利特,unchanged
beisen,pudutech,普渡机器人,普渡机器人,unchanged
beisen,pxjydl1,大连科苑同芳,大连科苑同芳,unchanged
beisen,qiaodantiyu,中乔体育股份有限公司,中乔体育股份有限公司,unchanged
beisen,qiaqiafood,洽洽食品股份有限公司,洽洽食品股份有限公司,unchanged
beisen,qingmutec,青木科技,青木科技,unchanged
beisen,qleltd1,渠梁电子有限公司,渠梁电子有限公司,unchanged
beisen,qwkj,齐物科技,齐物科技,unchanged
beisen,rayhoo,瑞鹄股份,瑞鹄股份,unchanged
beisen,raytrontek,睿创微纳,睿创微纳,unchanged
beisen,realhom,永业行,永业行,unchanged
beisen,renfu,人福医药,人福医药,unchanged
beisen,richsys1,无锡理奇,无锡理奇,unchanged
beisen,rifengdz,日丰,日丰,unchanged
beisen,ringpu1,瑞普生物股份有限公司,瑞普生物股份有限公司,unchanged
beisen,risun,旭阳集团,旭阳集团,unchanged
beisen,riyue,日月股份,日月股份,unchanged
beisen,robotphoenix,翼菲科技,翼菲科技,unchanged
beisen,roe,雷迪奥ROE,雷迪奥ROE,unchanged
beisen,ronbay,容百集团,容百集团,unchanged
beisen,ruiinsurance,瑞众人寿保险有限责任公司,瑞众人寿保险有限责任公司,unchanged
beisen,ruyifilm,儒意电影,儒意电影,unchanged
beisen,rwdls,瑞沃德,瑞沃德,unchanged
beisen,ryytn,认养一头牛驿站,认养一头牛驿站,unchanged
beisen,sacavic,沈阳飞机工业,沈阳飞机工业,unchanged
beisen,safeglp,赛赋医药,赛赋医药,unchanged
beisen,saicmaxus,上汽大通汽车有限公司,上汽大通汽车有限公司,unchanged
beisen,sailuntire,赛轮集团,赛轮集团,unchanged
beisen,sanhome,南京圣和药业股份有限公司,南京圣和药业股份有限公司,unchanged
beisen,sansec,三未信安,三未信安,unchanged
beisen,sansurehr,圣湘生物科技股份有限公司,圣湘生物科技股份有限公司,unchanged
beisen,satlpec,卫星化学股份有限公司招聘网申,卫星集团,table
beisen,scc,深南电路,深南电路,unchanged
beisen,sddmsh,东明石化,东明石化,unchanged
beisen,seif1,赛夫集团2026校招,赛夫集团,table
beisen,semi,赛美特招聘门户,赛美特集团,table
beisen,senci,对外招聘门户,神驰机电,table
beisen,servotronix,苏州高创运动控制技术有限公司,苏州高创运动控制技术有限公司,unchanged
beisen,sf-auto,北京四方继保自动化股份有限公司,北京四方继保自动化股份有限公司,unchanged
beisen,sfcc,日出集团,日出集团,unchanged
beisen,sgm,上汽通用汽车有限公司,上汽通用汽车有限公司,unchanged
beisen,sgssemi,盛吉盛,盛吉盛,unchanged
beisen,shangraoyinhang,上饶银行,上饶银行,unchanged
beisen,shengquan,圣泉集团,圣泉集团,unchanged
beisen,shenlan1,深蓝航天-2027届校园,深蓝航天,table
beisen,shining3d,先临三维,先临三维,unchanged
beisen,shrcb,上海农村商业银行股份有限公司,上海农村商业银行股份有限公司,unchanged
beisen,shsus,康恒环境,康恒环境,unchanged
beisen,sifary,赛乐医疗,赛乐医疗,unchanged
beisen,siglent,鼎阳科技,鼎阳科技,unchanged
beisen,siic,上实集团招聘门户,上实集团,table
beisen,sinder,信得科技,信得科技,unchanged
beisen,sinocera1,国瓷材料招聘门户,国瓷材料,table
beisen,sjphotons1,仕佳光子,仕佳光子,unchanged
beisen,sklinter,宁波赛柯国际贸易有限公司,宁波赛柯国际贸易有限公司,unchanged
beisen,smbccn,三井住友银行（中国）有限公司,三井住友银行（中国）有限公司,unchanged
beisen,smee,上海微电子装备有限公司,上海微电子装备有限公司,unchanged
beisen,snowman,福建雪人集团股份有限公司,福建雪人集团股份有限公司,unchanged
beisen,snowvalleyfood,雪川农业集团,雪川农业集团,unchanged
beisen,sosen,深圳市崧盛电子股份有限公司,深圳市崧盛电子股份有限公司,unchanged
beisen,southsurvey,南方测绘集团,南方测绘集团,unchanged
beisen,spacestar,航天恒星,航天恒星,unchanged
beisen,sph,上海医药人才,上海医药人才,unchanged
beisen,spicqyxdl,上海启源芯动力科技有限公司,上海启源芯动力科技有限公司,unchanged
beisen,spinq,量旋科技,量旋科技,unchanged
beisen,sprixin,国能日新,国能日新,unchanged
beisen,srhino,石犀科技,石犀科技,unchanged
beisen,ss-smartech,深圳市尚水智能股份有限公司,深圳市尚水智能股份有限公司,unchanged
beisen,stonkam,广州敏视,广州敏视,unchanged
beisen,streamax,锐明技术,锐明技术,unchanged
beisen,stronglaser,东莞市盛雄激光先进装备股份有限公司,东莞市盛雄激光先进装备股份有限公司,unchanged
beisen,suna-opto,苏纳SUNA,苏纳SUNA,unchanged
beisen,sunrui,双瑞环境,双瑞环境,unchanged
beisen,sunseed,希夕智能-校招,希夕智能,table
beisen,swaysure,昇维旭,昇维旭,unchanged
beisen,syamt,富创精密,富创精密,unchanged
beisen,szgas,深圳燃气,深圳燃气,unchanged
beisen,szly,联友科技,联友科技,unchanged
beisen,sznari,长园深瑞继保自动化有限公司,长园深瑞继保自动化有限公司,unchanged
beisen,t-ray,天锐星通招聘门户,天锐星通,table
beisen,taoliweilai,桃李未来,桃李未来,unchanged
beisen,tdhx,天地和兴,天地和兴,unchanged
beisen,techen,青岛乾程科技股份有限公司,青岛乾程科技股份有限公司,unchanged
beisen,tengen,天正电气,天正电气,unchanged
beisen,tetelaser,深圳泰德激光招聘门户,泰德激光,table
beisen,tfcsz,天孚通信招聘门户,天孚通信,table
beisen,tgood,特锐德,特锐德,unchanged
beisen,thupdi,北京清华同衡规划设计研究院有限公司,北京清华同衡规划设计研究院有限公司,unchanged
beisen,tianjushi,天俱时工程科技集团有限公司,天俱时工程科技集团有限公司,unchanged
beisen,tianyupharm,浙江天宇药业股份有限公司,浙江天宇药业股份有限公司,unchanged
beisen,tigermed,杭州泰格医药科技股份有限公司,杭州泰格医药科技股份有限公司,unchanged
beisen,tingchaoge,听潮阁,听潮阁,unchanged
beisen,tjaemc,航空工业津电,航空工业津电,unchanged
beisen,tkgroup,东江北森招聘门户,东江控股,table
beisen,treatgut,招聘门户,承葛医药集团,table
beisen,tsinghua-eiri,清华四川能源互联网研究院,清华四川能源互联网研究院,unchanged
beisen,tsingmicro,清微智能,清微智能,unchanged
beisen,tuniu,途牛旅游网,途牛旅游网,unchanged
beisen,twsc,深圳市德明利技术股份有限公司,深圳市德明利技术股份有限公司,unchanged
beisen,tzcpa,天职国际,天职国际,unchanged
beisen,ubtrobot,优必选科技,优必选科技,unchanged
beisen,ugreen,绿联,绿联,unchanged
beisen,uniconn,壹连招聘门户,壹连科技,table
beisen,unigroup-gt,格创通信（浙江）有限公司,格创通信（浙江）有限公司,unchanged
beisen,unilumin,洲明科技,洲明科技,unchanged
beisen,unisemipower,芯合电子,芯合电子,unchanged
beisen,unitree,宇树科技,宇树科技,unchanged
beisen,unix-group,优理奇,优理奇,unchanged
beisen,urovo,优博讯科技,优博讯科技,unchanged
beisen,vistar,辰显光电,辰显光电,unchanged
beisen,viva,维亚,维亚,unchanged
beisen,vmax,威迈斯,威迈斯,unchanged
beisen,wago,WAGO万可,WAGO万可,unchanged
beisen,warrant,华纳大药厂,华纳大药厂,unchanged
beisen,wasionelectric,wayon energy campus recruitment for 2027,惟远能源,table
beisen,wayeal,皖仪科技人才,皖仪科技人才,unchanged
beisen,weimeizi,薇美姿,薇美姿,unchanged
beisen,wenergy1,安徽省能源集团,安徽省能源集团,unchanged
beisen,whxmc,新芯股份-招聘门户,新芯股份,table
beisen,wika,威卡中国,威卡中国,unchanged
beisen,winline,深圳市永联科技股份有限公司,深圳市永联科技股份有限公司,unchanged
beisen,winnermedical,稳健医疗,稳健医疗,unchanged
beisen,winninggroup,韦立国际,韦立国际,unchanged
beisen,wlzq,万联,万联,unchanged
beisen,wmmp,武汉船机,武汉船机,unchanged
beisen,woanhome,卧安机器人-,卧安机器人-,unchanged
beisen,wuzheng1,山东五征集团有限公司,山东五征集团有限公司,unchanged
beisen,xadzgc,西安电子工程研究所,西安电子工程研究所,unchanged
beisen,xchengtech,公司官网投递,祥承科技,table
beisen,xiamen-honglu,厦门虹鹭,厦门虹鹭,unchanged
beisen,xiangyu,厦门象屿集团有限公司,厦门象屿集团有限公司,unchanged
beisen,xinghanmaterials,星翰材料,星翰材料,unchanged
beisen,xingqudao,兴趣岛,兴趣岛,unchanged
beisen,xinhecheng1,浙江新和成股份有限公司,浙江新和成股份有限公司,unchanged
beisen,xinje,信捷电气,信捷电气,unchanged
beisen,xintianhuakai1,心田花开,心田花开,unchanged
beisen,xmgdjt,厦门轨道建设发展集团有限公司,厦门轨道建设发展集团有限公司,unchanged
beisen,xmzoda,中达集团,中达集团,unchanged
beisen,xnjz,中国建筑西南设计研究院有限公司,中国建筑西南设计研究院有限公司,unchanged
beisen,xtc-xny1,厦钨新能源,厦钨新能源,unchanged
beisen,xynovatech,曦诺未来,曦诺未来,unchanged
beisen,yarbo,汉阳科技,汉阳科技,unchanged
beisen,yasc,YASC招聘门户,长飞先进半导体,table
beisen,yat-pro,亚特电器,亚特电器,unchanged
beisen,yckjgf,元琛科技,元琛科技,unchanged
beisen,yealink,亿联网络,亿联网络,unchanged
beisen,yeastar,星纵数字,星纵数字,unchanged
beisen,yeestor,得一微电子,得一微电子,unchanged
beisen,yfdyf1,益丰校招,益丰集团,table
beisen,yfy,一飞院,一飞院,unchanged
beisen,yhwins2,赢合科技校招,赢合科技,table
beisen,yiconcept,衣臻时装有限公司,衣臻时装有限公司,unchanged
beisen,ymtc,长江存储,长江存储,unchanged
beisen,ynsnjt,神农集团,神农集团,unchanged
beisen,yofc2,长飞光纤光缆股份有限公司 27届校招,长飞光纤光缆股份有限公司,table
beisen,yonda1,永达集团【新】,永达集团【新】,unchanged
beisen,yongxinbj,永芯科技,永芯科技,unchanged
beisen,youibot1,优艾智合,优艾智合,unchanged
beisen,youshan,友山科技,友山科技,unchanged
beisen,yunzhangfang,云帐房,云帐房,unchanged
beisen,zbom,志邦家居,志邦家居,unchanged
beisen,zgky,藏格矿业股份有限公司,藏格矿业股份有限公司,unchanged
beisen,zhcpa,中汇会计师事务所（特殊普通合伙）,中汇会计师事务所（特殊普通合伙）,unchanged
beisen,zhenshigroup,振石控股集团有限公司,振石控股集团有限公司,unchanged
beisen,zhihuiya,智慧芽信息科技（苏州）有限公司,智慧芽信息科技（苏州）有限公司,unchanged
beisen,zhmag,正海磁材-,正海磁材-,unchanged
beisen,zhonghongpulin,中红医疗,中红医疗,unchanged
beisen,zhxcn,中迅农科,中迅农科,unchanged
beisen,znvhr1,深圳力维智联技术有限公司,深圳力维智联技术有限公司,unchanged
beisen,zrpgroup,中荣股份2027届,中荣股份2027届,unchanged
beisen,zzpxx,平行线教育,平行线教育,unchanged
beisen,zztrp1,时代新材,时代新材,unchanged
moka,37/58016,三七互娱,三七互娱,unchanged
moka,wps/41436,金山办公,金山办公,unchanged
moka,hypergryph/26326,鹰角网络,鹰角网络,unchanged
moka,antahr/142914,安踏集团,安踏集团,unchanged
moka,eebbk/37594,小天才,小天才,unchanged
moka,paipaidai/168312,信也科技,信也科技,unchanged
moka,3irobotics/147137,杉川集团,杉川集团,unchanged
moka,3peakic/67894,思瑞浦,思瑞浦,unchanged
moka,688037/144533,芯源微,芯源微,unchanged
moka,accelink/139973,光迅科技,光迅科技,unchanged
moka,advantest/144999,爱德万测试,爱德万测试,unchanged
moka,ahjy/168235,巨一科技,巨一科技,unchanged
moka,akmmv/45089,安捷利美维,安捷利美维,unchanged
moka,alpha2fund/151124,平方和投资,平方和投资,unchanged
moka,amec/4362,中微公司,中微公司,unchanged
moka,anhuirohgzhirixin/73950,容知日新,容知日新,unchanged
moka,anlogic/46366,安路科技,安路科技,unchanged
moka,anyka/147131,安凯微电子,安凯微电子,unchanged
moka,REDACTED,安谋科技,安谋科技,unchanged
moka,arraycomm/70372,爱瑞无线,爱瑞无线,unchanged
moka,ascenpower/166280,芯粤能半导体,芯粤能半导体,unchanged
moka,asrmicro/71887,翱捷科技,翱捷科技,unchanged
moka,REDACTED,阿斯利康中国,阿斯利康中国,unchanged
moka,astribot/144862,星尘智能,星尘智能,unchanged
moka,astronstone/168327,宇石空间,宇石空间,unchanged
moka,baai/42174,智源研究院,智源研究院,unchanged
moka,baorong/25901,保融科技,保融科技,unchanged
moka,batf/144997,巴德富集团,巴德富集团,unchanged
moka,berrygenomics/24086,贝瑞基因,贝瑞基因,unchanged
moka,bestcomm/43337,百诺医药,百诺医药,unchanged
moka,bestqi/45208,倍思奇,倍思奇,unchanged
moka,bgyfw/47073,碧桂园服务,碧桂园服务,unchanged
moka,bigo/1018,BIGO,BIGO,unchanged
moka,bjwgby/118127,微观博易,微观博易,unchanged
moka,blackhills/76097,道远咨询,道远咨询,unchanged
moka,blovelight/45215,蓝光智能,蓝光智能,unchanged
moka,bonditech/143553,邦戴数科,邦戴数科,unchanged
moka,bosch/151492,博世中国•智行学院,博世中国•智行学院,unchanged
moka,bosch/168626,博世中国,博世中国,unchanged
moka,boseq/140969,玻色量子,玻色量子,unchanged
moka,bosssoft/68370,博思软件,博思软件,unchanged
moka,botanee/95426,贝泰妮集团,贝泰妮集团,unchanged
moka,brother/150716,兄弟科技,兄弟科技,unchanged
moka,bsfit/1076,邦盛科技,邦盛科技,unchanged
moka,caih/6773,中国东信,中国东信,unchanged
moka,calterah/1109,加特兰微电子,加特兰微电子,unchanged
moka,canmax/140246,天华新能,天华新能,unchanged
moka,canrui/42687,灿瑞科技,灿瑞科技,unchanged
moka,REDACTED,嘉士伯中国,嘉士伯中国,unchanged
moka,catlhr/142020,时代上汽,时代上汽,unchanged
moka,catlhr/182326,时代天源,时代天源,unchanged
moka,centuryfrontier/24842,世纪前沿,世纪前沿,unchanged
moka,cetc30/36270,中国网安/三十所,中国网安/三十所,unchanged
moka,cetcles/40889,中国电科28所,中国电科28所,unchanged
moka,cggc/145102,中国能建葛洲坝集团,中国能建葛洲坝集团,unchanged
moka,chaocanshu/45562,寅成智能,寅成智能,unchanged
moka,cobetterfilter/141059,科百特,科百特,unchanged
moka,cpicproperty/150956,太平洋产险安徽分公司,太平洋产险安徽分公司,unchanged
moka,cwisemicro/182011,芯慧微,芯慧微,unchanged
moka,cxtwh/54032,武汉楚兴技术有限公司,武汉楚兴技术有限公司,unchanged
moka,cyagen/100175,赛业生物,赛业生物,unchanged
moka,dameng/170579,达梦数据,达梦数据,unchanged
moka,dapustor/54046,DapuStor大普微,DapuStor大普微,unchanged
moka,dekangmuye/151636,德康集团,德康集团,unchanged
moka,dexforce/149228,跨维智能,跨维智能,unchanged
moka,dfmc/164438,东风汽车集团有限公司,东风汽车集团有限公司,unchanged
moka,dfmc/164558,智新科技股份有限公司,智新科技股份有限公司,unchanged
moka,dfmc/168424,东风汽车研发总院,东风汽车研发总院,unchanged
moka,dfmc/168535,东风汽车-猛士汽车,东风汽车-猛士汽车,unchanged
moka,dianzhong/28122,点众科技,点众科技,unchanged
moka,dicastal/140651,中信戴卡,中信戴卡,unchanged
moka,dkjc/142338,燕东微,燕东微,unchanged
moka,dolphindb/101962,DolphinDB,DolphinDB,unchanged
moka,duowei/142740,多维联合集团,多维联合集团,unchanged
moka,easpring/102152,当升科技,当升科技,unchanged
moka,enflame/168420,燧原科技,燧原科技,unchanged
moka,enmotech/47098,云和恩墨,云和恩墨,unchanged
moka,eqhr/39786,易控智驾,易控智驾,unchanged
moka,etek/170559,力芯微电子,力芯微电子,unchanged
moka,evtech/47503,富特科技,富特科技,unchanged
moka,fabu/56114,飞步科技,飞步科技,unchanged
moka,fairlandgroup/75892,菲亚兰德集团,菲亚兰德集团,unchanged
moka,REDACTED,佛吉亚,佛吉亚,unchanged
moka,feiyu/142123,飞鱼科技,飞鱼科技,unchanged
moka,fftai/147078,傅利叶,傅利叶,unchanged
moka,fjdynamics/70012,丰疆智能,丰疆智能,unchanged
moka,fjlm/128157,福龙马集团,福龙马集团,unchanged
moka,flashhold/40527,快仓机器人,快仓机器人,unchanged
moka,fmsh/172387,复旦微电子集团,复旦微电子集团,unchanged
moka,ford/43706,福特中国,福特中国,unchanged
moka,fosunwealth/146703,复星财富控股,复星财富控股,unchanged
moka,galasports/98034,望尘科技,望尘科技,unchanged
moka,REDACTED,Garena,Garena,unchanged
moka,REDACTED,极智嘉,极智嘉,unchanged
moka,geely/94419,沃飞长空,沃飞长空,unchanged
moka,gehc/142250,GE医疗,GE医疗,unchanged
moka,genwealth/142156,华钧广汇,华钧广汇,unchanged
moka,giga-da/26752,鸿芯微纳,鸿芯微纳,unchanged
moka,gigadevice/92215,兆易创新,兆易创新,unchanged
moka,giikin/94708,吉客印,吉客印,unchanged
moka,grgbanking/39448,广电运通集团,广电运通集团,unchanged
moka,gshm/172184,格兰云天,格兰云天,unchanged
moka,gtjaqh/136276,国泰君安期货,国泰君安期货,unchanged
moka,guming/39377,古茗茶饮,古茗茶饮,unchanged
moka,haiyi/150699,海艺互娱,海艺互娱,unchanged
moka,handetouzi/46040,涵德投资,涵德投资,unchanged
moka,hanslaser/46383,大族激光,大族激光,unchanged
moka,hdzn/151324,中科光电,中科光电,unchanged
moka,heibaidiao/54126,黑白调集团,黑白调集团,unchanged
moka,het0000001/142804,和而泰,和而泰,unchanged
moka,hfsp/37149,禾丰股份,禾丰股份,unchanged
moka,hjmicro/54317,鸿钧微电子,鸿钧微电子,unchanged
moka,hkgyxxzx/148787,中国航空工业发展研究中心,中国航空工业发展研究中心,unchanged
moka,hnjxkjgf/168579,进芯科技,进芯科技,unchanged
moka,honganrobots/150155,厨芯科技,厨芯科技,unchanged
moka,hoymiles/70377,禾迈股份,禾迈股份,unchanged
moka,hq/101896,华勤技术,华勤技术,unchanged
moka,huahong/70000,上海华力,上海华力,unchanged
moka,huahong/74036,华虹宏力,华虹宏力,unchanged
moka,huahong/78009,华虹集团,华虹集团,unchanged
moka,huntkey/172055,航嘉集团,航嘉集团,unchanged
moka,huya/4112,虎牙,虎牙,unchanged
moka,hygon/169939,海光信息,海光信息,unchanged
moka,REDACTED,海能达,海能达,unchanged
moka,icrd/126587,ICRD上海集成电路研发中心,ICRD上海集成电路研发中心,unchanged
moka,immomo/54299,挚文集团,挚文集团,unchanged
moka,imtebon/74049,德邦证券,德邦证券,unchanged
moka,inforeenviro/182015,盈峰环境,盈峰环境,unchanged
moka,innoam/142310,因诺资产,因诺资产,unchanged
moka,isaber/187877,青禾晶元,青禾晶元,unchanged
moka,ismartware/69961,智融科技,智融科技,unchanged
moka,isv-tech/170471,易思维,易思维,unchanged
moka,ixmetals/182262,IXM埃珂森,IXM埃珂森,unchanged
moka,jianke-fangzhou/44310,方舟健客,方舟健客,unchanged
moka,jianshankeji/100134,见山科技,见山科技,unchanged
moka,jingling/125951,鲸灵,鲸灵,unchanged
moka,jingtai/2143,晶泰科技,晶泰科技,unchanged
moka,jingwang/170520,景旺电子,景旺电子,unchanged
moka,jingweirunke/170057,北京润科,北京润科,unchanged
moka,jiuzhoupharma/74059,九洲药业,九洲药业,unchanged
moka,jjw/143541,景嘉微,景嘉微,unchanged
moka,jnby/94912,江南布衣,江南布衣,unchanged
moka,jomoo/142937,九牧集团,九牧集团,unchanged
moka,joymedia/7674,无忧传媒,无忧传媒,unchanged
moka,joyson/94311,均胜,均胜,unchanged
moka,joyson/94374,均胜安全,均胜安全,unchanged
moka,jsjd/118048,晶盛机电,晶盛机电,unchanged
moka,jsti/144121,苏交科,苏交科,unchanged
moka,jxw/166492,聚芯微电子,聚芯微电子,unchanged
moka,kedachina/78371,科达制造,科达制造,unchanged
moka,kehua/92510,科华集团,科华集团,unchanged
moka,kingagroot/56082,清原农冠,清原农冠,unchanged
moka,kingbase/47259,电科金仓,电科金仓,unchanged
moka,kpmg/76195,毕马威,毕马威,unchanged
moka,kuka/172508,顾家家居,顾家家居,unchanged
moka,leagsoft/44599,联软科技,联软科技,unchanged
moka,leisai/146886,雷赛智能,雷赛智能,unchanged
moka,lesso/70303,中国联塑集团,中国联塑集团,unchanged
moka,leyuansu/2357,乐元素SH工作室,乐元素SH工作室,unchanged
moka,lingshi/144566,有道领世,有道领世,unchanged
moka,lingyiitech/172618,立敏达科技,立敏达科技,unchanged
moka,lingyiitech/182049,领益智造,领益智造,unchanged
moka,longcheer/166561,龙旗科技,龙旗科技,unchanged
moka,lowpowersemi/168412,微源半导体,微源半导体,unchanged
moka,lusterinc/44882,凌云光,凌云光,unchanged
moka,lygend/72100,力勤资源,力勤资源,unchanged
moka,manon/94861,曼伦,曼伦,unchanged
moka,mbcloud/150116,招银云创,招银云创,unchanged
moka,meidegroup/142830,玫德集团,玫德集团,unchanged
moka,memsensing/45045,敏芯股份,敏芯股份,unchanged
moka,messer/92849,梅塞尔中国,梅塞尔中国,unchanged
moka,metax-tech/58131,沐曦股份,沐曦股份,unchanged
moka,mingyuan/168644,明源云,明源云,unchanged
moka,minieye/118571,佑驾创新,佑驾创新,unchanged
moka,molimediagrouphr/171878,茉莉数科集团,茉莉数科集团,unchanged
moka,muyuan/145076,牧原,牧原,unchanged
moka,nanfu/39842,南孚集团,南孚集团,unchanged
moka,nbdeli/70019,得力集团,得力集团,unchanged
moka,newgrand/151701,新中大科技,新中大科技,unchanged
moka,newvisionox/24735,维信诺,维信诺,unchanged
moka,niimbot/45368,精臣,精臣,unchanged
moka,ninebot/45627,九号公司,九号公司,unchanged
moka,novasky/146544,华诺星空,华诺星空,unchanged
moka,novatek/182224,联咏科技,联咏科技,unchanged
moka,nsfocus/29118,绿盟科技,绿盟科技,unchanged
moka,nuvoltatech/29077,伏达半导体,伏达半导体,unchanged
moka,nvidia/47111,NVIDIA英伟达,NVIDIA英伟达,unchanged
moka,onlyedu/144926,昂立教育,昂立教育,unchanged
moka,openloong/164448,人形机器人,人形机器人,unchanged
moka,REDACTED,松下集团,松下集团,unchanged
moka,peacebird-women/172603,太平鸟,太平鸟,unchanged
moka,peets/118888,Peet's皮爷咖啡,Peet's皮爷咖啡,unchanged
moka,phlexing/100123,行芯科技,行芯科技,unchanged
moka,phoenixcontact/172581,菲尼克斯电气,菲尼克斯电气,unchanged
moka,pinsmedical/2726,品驰医疗,品驰医疗,unchanged
moka,REDACTED,奇瑞捷豹路虎-FREELANDER神行者,奇瑞捷豹路虎-FREELANDER神行者,unchanged
moka,qunhemail/2832,群核科技,群核科技,unchanged
moka,raynen/115955,睿能科技,睿能科技,unchanged
moka,rjzn/144501,仁洁智能科技有限公司,仁洁智能科技有限公司,unchanged
moka,ruien/140574,睿恩新能源,睿恩新能源,unchanged
moka,ruijie/136206,锐捷网络,锐捷网络,unchanged
moka,ruili/43376,睿励,睿励,unchanged
moka,sanfu/46833,三福,三福,unchanged
moka,sangfor/27944,深信服,深信服,unchanged
moka,scania/168376,斯堪尼亚,斯堪尼亚,unchanged
moka,seichitech/140888,精智达,精智达,unchanged
moka,semidrive/42941,芯驰科技,芯驰科技,unchanged
moka,semitronix/140043,广立微,广立微,unchanged
moka,sente/151238,森特股份,森特股份,unchanged
moka,sgs/74104,SGS,SGS,unchanged
moka,shanshu/57987,杉数科技,杉数科技,unchanged
moka,shengqu/96336,盛趣游戏,盛趣游戏,unchanged
moka,shenling/164368,申菱环境,申菱环境,unchanged
moka,shichuangyi/172086,时创意,时创意,unchanged
moka,shinry/172541,欣锐科技,欣锐科技,unchanged
moka,shopee/170008,Shopee（AI Star Program 顶尖技术人）,Shopee（AI Star Program 顶尖技术人）,unchanged
moka,shopee/170435,Sea,Sea,unchanged
moka,shopee/2962,Monee,Monee,unchanged
moka,shuhua/68312,舒华体育,舒华体育,unchanged
moka,shuixing/68039,水星家纺,水星家纺,unchanged
moka,sicc/140187,天岳先进,天岳先进,unchanged
moka,sinexcel/74287,盛弘股份,盛弘股份,unchanged
moka,sirio/166467,仙乐健康,仙乐健康,unchanged
moka,sjsemi/144842,盛合晶微,盛合晶微,unchanged
moka,smartcitysz/95466,深智城集团,深智城集团,unchanged
moka,smartmore/40506,思谋科技,思谋科技,unchanged
moka,smoore/150918,思摩尔国际,思摩尔国际,unchanged
moka,snto/100022,晟通集团,晟通集团,unchanged
moka,sohu/28313,搜狐,搜狐,unchanged
moka,solaxpower/151401,艾罗能源,艾罗能源,unchanged
moka,REDACTED,开立医疗,开立医疗,unchanged
moka,step/141903,阶跃星辰,阶跃星辰,unchanged
moka,sto/126265,申通快递,申通快递,unchanged
moka,sunlord/172521,顺络电子,顺络电子,unchanged
moka,sunnyoptical/146167,舜宇-校园大使,舜宇-校园大使,unchanged
moka,sunnyoptical/45602,舜宇集团,舜宇集团,unchanged
moka,sunyard/43203,信雅达,信雅达,unchanged
moka,swhysc-job/166086,申万宏源证券分支机构,申万宏源证券分支机构,unchanged
moka,swy/172554,中国十五冶,中国十五冶,unchanged
moka,synland/43559,时代新安,时代新安,unchanged
moka,syntegon/42656,星德科,星德科,unchanged
moka,tec-do/41717,钛动科技,钛动科技,unchanged
moka,tengden/164567,腾盾科创,腾盾科创,unchanged
moka,thfund/46219,天弘基金,天弘基金,unchanged
moka,threatbook/39679,微步在线,微步在线,unchanged
moka,REDACTED,天虹数科,天虹数科,unchanged
moka,tianma/170490,天马微电子,天马微电子,unchanged
moka,tianyancapital/98902,天演资本,天演资本,unchanged
moka,tjsports/142880,腾竞体育,腾竞体育,unchanged
moka,totopcreatives/102100,途拓,途拓,unchanged
moka,transwarp/3196,星环科技,星环科技,unchanged
moka,tsinghuaic/39656,紫光同芯,紫光同芯,unchanged
moka,ubiquantrecruit/37031,九坤投资,九坤投资,unchanged
moka,uwant/149092,UWANT友望,UWANT友望,unchanged
moka,vanchip/47239,唯捷创芯,唯捷创芯,unchanged
moka,vanke/147055,万物云,万物云,unchanged
moka,vertiv/118713,维谛技术(Vertiv),维谛技术(Vertiv),unchanged
moka,vipshophr/10039,唯品会,唯品会,unchanged
moka,visinextek/41636,为旌科技,为旌科技,unchanged
moka,REDACTED,沃尔沃汽车,沃尔沃汽车,unchanged
moka,vwa/168597,大众汽车集团（中国）,大众汽车集团（中国）,unchanged
moka,wandacm/164049,新达盟-珠海万达商管|银翼投资,新达盟-珠海万达商管|银翼投资,unchanged
moka,wedobest/46167,多比特信息,多比特信息,unchanged
moka,weilaiyishou/145029,未来一手,未来一手,unchanged
moka,wens/92366,温氏股份,温氏股份,unchanged
moka,whfhtx/73922,烽火通信,烽火通信,unchanged
moka,wt/182139,微泰医疗,微泰医疗,unchanged
moka,wuji/145173,舞肌科技,舞肌科技,unchanged
moka,wuxixdc/164236,药明合联,药明合联,unchanged
moka,wxautowell/45558,奥特维集团,奥特维集团,unchanged
moka,wynca/118027,传化智联,传化智联,unchanged
moka,wynca/141115,传化集团,传化集团,unchanged
moka,xingbang/67958,星邦智能,星邦智能,unchanged
moka,xinhee/168514,欣贺股份,欣贺股份,unchanged
moka,xiwang/146380,希望学,希望学,unchanged
moka,xquant/45053,衡泰技术,衡泰技术,unchanged
moka,xunlei/26600,迅雷X-PEP产品星计划,迅雷X-PEP产品星计划,unchanged
moka,yadea/26985,天津雅迪,天津雅迪,unchanged
moka,yanfeng/45086,延锋,延锋,unchanged
moka,yanhun/24017,杭州炎魂网络,杭州炎魂网络,unchanged
moka,yeswood/142521,源氏木语,源氏木语,unchanged
moka,yhfund/143004,银华基金,银华基金,unchanged
moka,yinhetongyong/165930,银河通用机器人,银河通用机器人,unchanged
moka,yinlun/128571,银轮股份,银轮股份,unchanged
moka,ylhdc/95551,雅砻江水电,雅砻江水电,unchanged
moka,youngy/166533,融捷能源,融捷能源,unchanged
moka,ypgj/164305,姚品国际,姚品国际,unchanged
moka,yuchai/140075,玉柴集团,玉柴集团,unchanged
moka,yunhonggroup/140309,阿吉豆,阿吉豆,unchanged
moka,yusen/73956,日邮物流,日邮物流,unchanged
moka,yushi/3773,驭势科技,驭势科技,unchanged
moka,yutong/172567,宇通集团,宇通集团,unchanged
moka,yxws/168223,德佑,德佑,unchanged
moka,zczl/172433,中创智领集团,中创智领集团,unchanged
moka,zding/117879,正定私募,正定私募,unchanged
moka,zhlx/146852,中环领先半导体,中环领先半导体,unchanged
moka,zhongan/148589,众安,众安,unchanged
moka,zhongan/71908,众安保险,众安保险,unchanged
moka,zijinmining/117957,紫金矿业,紫金矿业,unchanged
moka,zijinmining/166497,紫金矿业-校园大使,紫金矿业-校园大使,unchanged
moka,zkxx/182327,中控信息,中控信息,unchanged
moka,zlongame/140110,紫龙游戏,紫龙游戏,unchanged
moka,zphz/148984,智谱,智谱,unchanged
moka,zsquant/36544,卓识基金,卓识基金,unchanged
feishu,arashivision,影石Insta360,影石Insta360,unchanged
feishu,lilithgames,莉莉丝游戏,莉莉丝游戏,unchanged
feishu,xiaopeng,小鹏汽车,小鹏汽车,unchanged
feishu,nio,蔚来汽车,蔚来汽车,unchanged
feishu,papergames,叠纸游戏,叠纸游戏,unchanged
feishu,sensetime,商汤科技,商汤科技,unchanged
feishu,thundersoft,中科创达,中科创达,unchanged
feishu,asiainfo-sec,亚信,亚信,unchanged
feishu,bambulab,Bambulab,Bambulab,unchanged
feishu,banu,巴奴集团,巴奴集团,unchanged
feishu,blacklake,黑湖科技,黑湖科技,unchanged
feishu,boke,波克科技集团,波克科技集团,unchanged
feishu,brightchip,智遨通（天津）信息技术股份有限公司,智遨通（天津）信息技术股份有限公司,unchanged
feishu,caz6yhvgk5z,北京电子数智科技有限责任公司,北京电子数智科技有限责任公司,unchanged
feishu,chitu-ai,清程极智,清程极智,unchanged
feishu,dx3a2bminsq,深圳众擎机器人科技股份有限公司,深圳众擎机器人科技股份有限公司,unchanged
feishu,ealklohoih0,湖北三宁化工股份有限公司,湖北三宁化工股份有限公司,unchanged
feishu,echotech,回响科技,回响科技,unchanged
feishu,everrising,永卓控股有限公司,永卓控股有限公司,unchanged
feishu,fcn5hvc5qbfs,上海大裂谷智能科技有限公司,上海大裂谷智能科技有限公司,unchanged
feishu,flexivrobotics,Flexiv,Flexiv,unchanged
feishu,gamealestudio,GameAle,GameAle,unchanged
feishu,gffunds,广发基金,广发基金,unchanged
feishu,govy,高域科技,高域科技,unchanged
feishu,guanghe,洋葱学园,洋葱学园,unchanged
feishu,gunuojituan,顾诺集团,顾诺集团,unchanged
feishu,hailiang,海亮集团有限公司,海亮集团有限公司,unchanged
feishu,herogames,英雄游戏,英雄游戏,unchanged
feishu,heygears,黑格科技,黑格科技,unchanged
feishu,hf7l9aiqzx,北京趣拿软件科技有限公司,北京趣拿软件科技有限公司,unchanged
feishu,huayugames,华娱网络,华娱网络,unchanged
feishu,infinigence,无问芯穹,无问芯穹,unchanged
feishu,intellicrane,Uni-MIND,Uni-MIND,unchanged
feishu,is35svcbne,中邮消费金融有限公司,中邮消费金融有限公司,unchanged
feishu,iwhih7is28,北京发那科机电有限公司,北京发那科机电有限公司,unchanged
feishu,j1szxceol43,深圳艾麦供应链服务有限公司,深圳艾麦供应链服务有限公司,unchanged
feishu,j8fq0c3gg7,梅花生物科技集团股份有限公司,梅花生物科技集团股份有限公司,unchanged
feishu,jijiapets,吉家宠物集团,吉家宠物集团,unchanged
feishu,jvvyvrptdzz,江苏国泰汉帛实业发展有限公司,江苏国泰汉帛实业发展有限公司,unchanged
feishu,jzyxgames,厦门极致互动网络技术股份有限公司,厦门极致互动网络技术股份有限公司,unchanged
feishu,k13pqewe7i,歌尔丹拿,歌尔丹拿,unchanged
feishu,kargobot,卡尔动力,卡尔动力,unchanged
feishu,learnings,北京乐信圣文科技有限责任公司,北京乐信圣文科技有限责任公司,unchanged
feishu,leoao-inc,乐刻运动,乐刻运动,unchanged
feishu,meiyijia,美宜佳控股有限公司,美宜佳控股有限公司,unchanged
feishu,meta,MetaApp,MetaApp,unchanged
feishu,n8r2cr07gk,OBSBOT寻影,OBSBOT寻影,unchanged
feishu,nsingtech,国民技术股份有限公司,国民技术股份有限公司,unchanged
feishu,orinko-ht,会通新材料股份有限公司,会通新材料股份有限公司,unchanged
feishu,pecivkvtit,深圳市其域创新科技有限公司,深圳市其域创新科技有限公司,unchanged
feishu,ponyai,小马智行,小马智行,unchanged
feishu,primebot,启元业务部,启元业务部,unchanged
feishu,qcnhg4ksaiwt,鸿擎科技,鸿擎科技,unchanged
feishu,r3c0qt6yjw,新石器,新石器,unchanged
feishu,rcnrrgo8je7j,雷鸟科技,雷鸟科技,unchanged
feishu,seer-group,仙工智能,仙工智能,unchanged
feishu,sen-asic,琻捷电子科技（江苏）股份有限公司,琻捷电子科技（江苏）股份有限公司,unchanged
feishu,sii-czxy,上海创智学院,上海创智学院,unchanged
feishu,smartlogictech,思朗科技,思朗科技,unchanged
feishu,songmicshome,致欧家居,致欧家居,unchanged
feishu,startorus,上海星环聚能科技有限公司,上海星环聚能科技有限公司,unchanged
feishu,sunmmio1104,算苗科技（北京）有限公司,算苗科技（北京）有限公司,unchanged
feishu,syounggroup,水羊,水羊,unchanged
feishu,tianzhulingshan,天竺灵山,天竺灵山,unchanged
feishu,toa7dmu9bq,电子所,电子所,unchanged
feishu,tranxmart,千曙科技,千曙科技,unchanged
feishu,tsingtengms,紫光青藤,紫光青藤,unchanged
feishu,ucn8mrbdnw7i,博瑞精芯,博瑞精芯,unchanged
feishu,varp4lp3dbc,记忆科技（深圳）有限公司,记忆科技（深圳）有限公司,unchanged
feishu,vcnuqm4lv2uh,九方智投控股,九方智投控股,unchanged
feishu,vivix-ai,灵动时刻,灵动时刻,unchanged
feishu,wdh,水滴公司,水滴公司,unchanged
feishu,wepie,微派网络,微派网络,unchanged
feishu,xd-legacy,XD Inc.,XD Inc.,unchanged
feishu,yftech2012,远峰科技股份有限公司,远峰科技股份有限公司,unchanged
feishu,yonghui,永辉超市,永辉超市,unchanged
feishu,z1zgmci7a8s,桂林啄木鸟医疗,桂林啄木鸟医疗,unchanged
feishu,zj-innolight,苏州旭创科技有限公司,苏州旭创科技有限公司,unchanged
workday,nvidia/wd5/NVIDIAExternalCareerSite,英伟达,英伟达,unchanged
workday,citi/wd5/2,花旗银行,花旗银行,unchanged
workday,jj/wd5/JJ,强生,强生,unchanged
workday,shell/wd3/ShellCareers,壳牌,壳牌,unchanged
workday,REDACTED,英国石油,英国石油,unchanged
workday,REDACTED,美敦力,美敦力,unchanged
workday,mmc/wd1/MMC,奥纬咨询,奥纬咨询,unchanged
workday,marvell/wd1/MarvellCareers,美满电子,美满电子,unchanged
workday,herbertsmithfreehills/wd3/External,史密夫斐尔,史密夫斐尔,unchanged
successfactors,jobs.sap.com,思爱普,思爱普,unchanged
successfactors,jobs.zf.com,采埃孚,采埃孚,unchanged
successfactors,jobs.boehringer-ingelheim.com,勃林格殷格翰,勃林格殷格翰,unchanged
