job_id,岗位名称,公司名称,招聘单位,行业,招聘性质,毕业届别,工作地点,岗位大类,投递截止,截止类型,原链接,投递入口,来源,状态,复核时间,备注
postal-CC360925120J40906453313,金融财务类,中国邮政集团有限公司,中国邮政集团有限公司,邮政物流,校招,2027届,北京,财务专员/助理,2026-10-31,明确,https://xiaoyuan.zhaopin.com/job/CC360925120J40906453313,https://campus1.zhaopin.com/Resume/CheckIntoApp?pid=CC360925120J40906453313,中国邮政官网授权2027校招专场,open,2026-09-10 06:10:06,
postal-CC360925120J40906331113,邮政研究所-邮政战略及业务研究岗,中国邮政集团有限公司,中国邮政集团有限公司,邮政物流,校招,2027届,北京,用户研究员,2026-10-31,明确,https://xiaoyuan.zhaopin.com/job/CC360925120J40906331113,https://campus1.zhaopin.com/Resume/CheckIntoApp?pid=CC360925120J40906331113,中国邮政官网授权2027校招专场,open,2026-09-10 06:10:06,
postal-CC360925120J40905276213,包头市分公司本部-综合岗（含职能及营销类岗位）,中国邮政集团有限公司,中国邮政集团有限公司,邮政物流,校招,2027届,包头,运营经理/总监,2026-10-31,明确,https://xiaoyuan.zhaopin.com/job/CC360925120J40905276213,https://campus1.zhaopin.com/Resume/CheckIntoApp?pid=CC360925120J40905276213,中国邮政官网授权2027校招专场,open,2026-09-10 06:10:06,
postal-CC360925120J40905144513,物流业务分公司-客户经理,中国邮政集团有限公司,中国邮政集团有限公司,邮政物流,校招,2027届,西安,大堂经理,2026-10-31,明确,https://xiaoyuan.zhaopin.com/job/CC360925120J40905144513,https://campus1.zhaopin.com/Resume/CheckIntoApp?pid=CC360925120J40905144513,中国邮政官网授权2027校招专场,open,2026-09-10 06:10:06,
postal-CC360925120J40905020613,县分公司-储蓄营业员,中国邮政集团有限公司,中国邮政集团有限公司,邮政物流,校招,2027届,阿里,运营助理/专员,2026-10-31,明确,https://xiaoyuan.zhaopin.com/job/CC360925120J40905020613,https://campus1.zhaopin.com/Resume/CheckIntoApp?pid=CC360925120J40905020613,中国邮政官网授权2027校招专场,open,2026-09-10 06:10:06,
postal-CC360925120J40904862813,生产管控部-信息系统岗,中国邮政集团有限公司,中国邮政集团有限公司,邮政物流,校招,2027届,南京,风控,2026-10-31,明确,https://xiaoyuan.zhaopin.com/job/CC360925120J40904862813,https://campus1.zhaopin.com/Resume/CheckIntoApp?pid=CC360925120J40904862813,中国邮政官网授权2027校招专场,open,2026-09-10 06:10:06,
postal-CC360925120J40904815813,设计编审部-邮品设计,中国邮政集团有限公司,中国邮政集团有限公司,邮政物流,校招,2027届,北京,美编,2026-10-31,明确,https://xiaoyuan.zhaopin.com/job/CC360925120J40904815813,https://campus1.zhaopin.com/Resume/CheckIntoApp?pid=CC360925120J40904815813,中国邮政官网授权2027校招专场,open,2026-09-10 06:10:06,
postal-CC360925120J40907066813,云南省分公司本部-管培生（财务）,中国邮政集团有限公司,中国邮政集团有限公司,邮政物流,校招,2027届,昆明,管培生/储备干部,2026-10-31,明确,https://xiaoyuan.zhaopin.com/job/CC360925120J40907066813,https://campus1.zhaopin.com/Resume/CheckIntoApp?pid=CC360925120J40907066813,中国邮政官网授权2027校招专场,open,2026-09-10 06:10:06,
postal-CC360925120J40907150213,省本部办公室-综合秘书,中国邮政集团有限公司,中国邮政集团有限公司,邮政物流,校招,2027届,武汉,秘书/文员,2026-10-31,明确,https://xiaoyuan.zhaopin.com/job/CC360925120J40907150213,https://campus1.zhaopin.com/Resume/CheckIntoApp?pid=CC360925120J40907150213,中国邮政官网授权2027校招专场,open,2026-09-10 06:10:06,
postal-CC360925120J40907234813,各县、区分公司-金融柜员岗,中国邮政集团有限公司,中国邮政集团有限公司,邮政物流,校招,2027届,湘西,柜员,2026-10-31,明确,https://xiaoyuan.zhaopin.com/job/CC360925120J40907234813,https://campus1.zhaopin.com/Resume/CheckIntoApp?pid=CC360925120J40907234813,中国邮政官网授权2027校招专场,open,2026-09-10 06:10:06,
postal-CC360925120J40907200813,综合办公室-法务岗,中国邮政集团有限公司,中国邮政集团有限公司,邮政物流,校招,2027届,萍乡,法律顾问,2026-10-31,明确,https://xiaoyuan.zhaopin.com/job/CC360925120J40907200813,https://campus1.zhaopin.com/Resume/CheckIntoApp?pid=CC360925120J40907200813,中国邮政官网授权2027校招专场,open,2026-09-10 06:10:06,
postal-CC360925120J40907100013,教学、科研或管理岗位,中国邮政集团有限公司,中国邮政集团有限公司,邮政物流,校招,2027届,石家庄,大学教师,2026-10-31,明确,https://xiaoyuan.zhaopin.com/job/CC360925120J40907100013,https://campus1.zhaopin.com/Resume/CheckIntoApp?pid=CC360925120J40907100013,中国邮政官网授权2027校招专场,open,2026-09-10 06:10:06,
guopin-215265732735272466,人工智能工程师,中国联合网络通信集团有限公司,中国联合网络通信集团有限公司,通信运营,校招,中国联通2027校园招聘,天津,,2027-08-31,明确,https://www.iguopin.com/job/detail?id=215265732735272466,https://www.iguopin.com/job/detail?id=215265732735272466,国聘官方企业校招专场：中国联合网络通信集团有限公司,open,2026-09-10 01:09:45,
guopin-215410841258821186,解决方案工程师,中国联合网络通信集团有限公司,中国联合网络通信集团有限公司,通信运营,校招,中国联通2027校园招聘,上海,不限职位,2027-08-31,明确,https://www.iguopin.com/job/detail?id=215410841258821186,https://www.iguopin.com/job/detail?id=215410841258821186,国聘官方企业校招专场：中国联合网络通信集团有限公司,open,2026-09-10 01:10:26,
guopin-217156016695935963,人力资源岗(组织与人才管理方向)(J10898),中国联合网络通信集团有限公司,中国联合网络通信集团有限公司,通信运营,校招,中国联通2027校园招聘,杭州-萧山区,人力资源专员/助理,2026-12-05,明确,https://www.iguopin.com/job/detail?id=217156016695935963,https://www.iguopin.com/job/detail?id=217156016695935963,国聘官方企业校招专场：中国联合网络通信集团有限公司,open,2026-09-10 01:11:22,
guopin-217155672511349724,股权管理岗(J10900),中国联合网络通信集团有限公司,中国联合网络通信集团有限公司,通信运营,校招,中国联通2027校园招聘,杭州-萧山区,财务管理/顾问,2026-12-05,明确,https://www.iguopin.com/job/detail?id=217155672511349724,https://www.iguopin.com/job/detail?id=217155672511349724,国聘官方企业校招专场：中国联合网络通信集团有限公司,open,2026-09-10 01:11:22,
guopin-217152216337744859,销售财务岗(J10901),中国联合网络通信集团有限公司,中国联合网络通信集团有限公司,通信运营,校招,中国联通2027校园招聘,杭州-萧山区,财务专员/助理,2026-12-05,明确,https://www.iguopin.com/job/detail?id=217152216337744859,https://www.iguopin.com/job/detail?id=217152216337744859,国聘官方企业校招专场：中国联合网络通信集团有限公司,open,2026-09-10 01:11:22,
guopin-215265732030629390,人工智能工程师（汉沽、大港、蓟州、宝坻、静海、宁河）,中国联合网络通信集团有限公司,中国联合网络通信集团有限公司,通信运营,校招,中国联通2027校园招聘,天津,,2027-08-31,明确,https://www.iguopin.com/job/detail?id=215265732030629390,https://www.iguopin.com/job/detail?id=215265732030629390,国聘官方企业校招专场：中国联合网络通信集团有限公司,open,2026-09-10 01:09:45,
guopin-215265731309209114,网络运营工程师,中国联合网络通信集团有限公司,中国联合网络通信集团有限公司,通信运营,校招,中国联通2027校园招聘,天津,,2027-08-31,明确,https://www.iguopin.com/job/detail?id=215265731309209114,https://www.iguopin.com/job/detail?id=215265731309209114,国聘官方企业校招专场：中国联合网络通信集团有限公司,open,2026-09-10 01:09:45,
guopin-215265730772338190,网络运营工程师（汉沽、大港、蓟州、宝坻、静海、宁河）,中国联合网络通信集团有限公司,中国联合网络通信集团有限公司,通信运营,校招,中国联通2027校园招聘,天津,,2027-08-31,明确,https://www.iguopin.com/job/detail?id=215265730772338190,https://www.iguopin.com/job/detail?id=215265730772338190,国聘官方企业校招专场：中国联合网络通信集团有限公司,open,2026-09-10 01:09:45,
guopin-215265730252244498,解决方案支撑经理,中国联合网络通信集团有限公司,中国联合网络通信集团有限公司,通信运营,校招,中国联通2027校园招聘,天津,,2027-08-31,明确,https://www.iguopin.com/job/detail?id=215265730252244498,https://www.iguopin.com/job/detail?id=215265730252244498,国聘官方企业校招专场：中国联合网络通信集团有限公司,open,2026-09-10 01:09:45,
guopin-215265729547601426,解决方案支撑经理（汉沽、大港、蓟州、宝坻、静海、宁河）,中国联合网络通信集团有限公司,中国联合网络通信集团有限公司,通信运营,校招,中国联通2027校园招聘,天津,,2027-08-31,明确,https://www.iguopin.com/job/detail?id=215265729547601426,https://www.iguopin.com/job/detail?id=215265729547601426,国聘官方企业校招专场：中国联合网络通信集团有限公司,open,2026-09-10 01:09:45,
guopin-215265728809403922,业务支撑经理,中国联合网络通信集团有限公司,中国联合网络通信集团有限公司,通信运营,校招,中国联通2027校园招聘,天津,,2027-08-31,明确,https://www.iguopin.com/job/detail?id=215265728809403922,https://www.iguopin.com/job/detail?id=215265728809403922,国聘官方企业校招专场：中国联合网络通信集团有限公司,open,2026-09-10 01:09:45,
guopin-215265727936988698,业务支撑经理（汉沽、大港、蓟州、宝坻、静海、宁河）,中国联合网络通信集团有限公司,中国联合网络通信集团有限公司,通信运营,校招,中国联通2027校园招聘,天津,,2027-08-31,明确,https://www.iguopin.com/job/detail?id=215265727936988698,https://www.iguopin.com/job/detail?id=215265727936988698,国聘官方企业校招专场：中国联合网络通信集团有限公司,open,2026-09-10 01:09:45,
guopin-216572682861282064,数智化部-大数据开发工程师,中国移动通信集团有限公司,中国移动通信集团有限公司,通信运营,校招,中国移动2027校园招聘,北京-东城区,不限,2026-10-17,明确,https://www.iguopin.com/job/detail?id=216572682861282064,https://www.iguopin.com/job/detail?id=216572682861282064,国聘官方企业校招专场：中国移动通信集团有限公司,open,2026-09-10 01:07:29,
guopin-217492741108532502,AI算法工程师（产线/博后站）,中国移动通信集团有限公司,中国移动通信集团有限公司,通信运营,校招,中国移动2027校园招聘,北京-海淀区,算法工程师,2026-12-07,明确,https://www.iguopin.com/job/detail?id=217492741108532502,https://www.iguopin.com/job/detail?id=217492741108532502,国聘官方企业校招专场：中国移动通信集团有限公司,open,2026-09-10 01:07:52,
guopin-216572682055975693,数智化部-AI开发工程师,中国移动通信集团有限公司,中国移动通信集团有限公司,通信运营,校招,中国移动2027校园招聘,北京-东城区,不限,2026-10-17,明确,https://www.iguopin.com/job/detail?id=216572682055975693,https://www.iguopin.com/job/detail?id=216572682055975693,国聘官方企业校招专场：中国移动通信集团有限公司,open,2026-09-10 01:07:29,
guopin-216572611826549520,昌平分公司-技术交付项目经理,中国移动通信集团有限公司,中国移动通信集团有限公司,通信运营,校招,中国移动2027校园招聘,北京-昌平区,不限,2026-10-17,明确,https://www.iguopin.com/job/detail?id=216572611826549520,https://www.iguopin.com/job/detail?id=216572611826549520,国聘官方企业校招专场：中国移动通信集团有限公司,open,2026-09-10 01:07:29,
guopin-216572611071574800,昌平分公司-销售工程师,中国移动通信集团有限公司,中国移动通信集团有限公司,通信运营,校招,中国移动2027校园招聘,北京-昌平区,不限,2026-10-17,明确,https://www.iguopin.com/job/detail?id=216572611071574800,https://www.iguopin.com/job/detail?id=216572611071574800,国聘官方企业校招专场：中国移动通信集团有限公司,open,2026-09-10 01:07:29,
guopin-216572610199159566,昌平分公司-数智化客户运营,中国移动通信集团有限公司,中国移动通信集团有限公司,通信运营,校招,中国移动2027校园招聘,北京-昌平区,不限,2026-10-17,明确,https://www.iguopin.com/job/detail?id=216572610199159566,https://www.iguopin.com/job/detail?id=216572610199159566,国聘官方企业校招专场：中国移动通信集团有限公司,open,2026-09-10 01:07:29,
guopin-216572608705987341,通州分公司-大数据运营分析,中国移动通信集团有限公司,中国移动通信集团有限公司,通信运营,校招,中国移动2027校园招聘,北京-通州区,不限,2026-10-17,明确,https://www.iguopin.com/job/detail?id=216572608705987341,https://www.iguopin.com/job/detail?id=216572608705987341,国聘官方企业校招专场：中国移动通信集团有限公司,open,2026-09-10 01:07:29,
guopin-216572607967789838,通州分公司-政企产品及解决方案经理,中国移动通信集团有限公司,中国移动通信集团有限公司,通信运营,校招,中国移动2027校园招聘,北京-通州区,不限,2026-10-17,明确,https://www.iguopin.com/job/detail?id=216572607967789838,https://www.iguopin.com/job/detail?id=216572607967789838,国聘官方企业校招专场：中国移动通信集团有限公司,open,2026-09-10 01:07:29,
guopin-216572607196037904,通州分公司-技术交付项目经理,中国移动通信集团有限公司,中国移动通信集团有限公司,通信运营,校招,中国移动2027校园招聘,北京-通州区,不限,2026-10-17,明确,https://www.iguopin.com/job/detail?id=216572607196037904,https://www.iguopin.com/job/detail?id=216572607196037904,国聘官方企业校招专场：中国移动通信集团有限公司,open,2026-09-10 01:07:29,
guopin-216572606457840400,昌平分公司-政企产品及解决方案经理,中国移动通信集团有限公司,中国移动通信集团有限公司,通信运营,校招,中国移动2027校园招聘,北京-昌平区,不限,2026-10-17,明确,https://www.iguopin.com/job/detail?id=216572606457840400,https://www.iguopin.com/job/detail?id=216572606457840400,国聘官方企业校招专场：中国移动通信集团有限公司,open,2026-09-10 01:07:29,
guopin-216572604964668174,房山分公司-政企产品及解决方案经理,中国移动通信集团有限公司,中国移动通信集团有限公司,通信运营,校招,中国移动2027校园招聘,北京-房山区,不限,2026-10-17,明确,https://www.iguopin.com/job/detail?id=216572604964668174,https://www.iguopin.com/job/detail?id=216572604964668174,国聘官方企业校招专场：中国移动通信集团有限公司,open,2026-09-10 01:07:29,
guopin-216572604243247888,房山分公司-销售工程师,中国移动通信集团有限公司,中国移动通信集团有限公司,通信运营,校招,中国移动2027校园招聘,北京-房山区,不限,2026-10-17,明确,https://www.iguopin.com/job/detail?id=216572604243247888,https://www.iguopin.com/job/detail?id=216572604243247888,国聘官方企业校招专场：中国移动通信集团有限公司,open,2026-09-10 01:07:29,
guopin-217353839265711268,会计员,中国航天科工集团有限公司,中国航天科工集团有限公司,航天军工,校招,中国航天科工集团有限公司2027届校园招,沈阳-大东区,会计专员/助理,2026-12-31,明确,https://www.iguopin.com/job/detail?id=217353839265711268,https://www.iguopin.com/job/detail?id=217353839265711268,国聘官方企业校招专场：中国航天科工集团有限公司,open,2026-09-10 01:09:14,
guopin-217351075957572779,安全管理主管,中国航天科工集团有限公司,中国航天科工集团有限公司,航天军工,校招,中国航天科工集团有限公司2027届校园招,贵阳-花溪区,其他职位,2026-12-05,明确,https://www.iguopin.com/job/detail?id=217351075957572779,https://www.iguopin.com/job/detail?id=217351075957572779,国聘官方企业校招专场：中国航天科工集团有限公司,open,2026-09-10 01:09:14,
guopin-217195421427041346,财务管理岗,中国航天科工集团有限公司,中国航天科工集团有限公司,航天军工,校招,中国航天科工集团有限公司2027届校园招,呼和浩特-赛罕区,财务管理/顾问,2027-08-31,明确,https://www.iguopin.com/job/detail?id=217195421427041346,https://www.iguopin.com/job/detail?id=217195421427041346,国聘官方企业校招专场：中国航天科工集团有限公司,open,2026-09-10 01:09:14,
guopin-216884163972695009,装配试验工艺,中国航天科工集团有限公司,中国航天科工集团有限公司,航天军工,校招,中国航天科工集团有限公司2027届校园招,沈阳-大东区,工艺/制程工程师,2027-08-31,明确,https://www.iguopin.com/job/detail?id=216884163972695009,https://www.iguopin.com/job/detail?id=216884163972695009,国聘官方企业校招专场：中国航天科工集团有限公司,open,2026-09-10 01:09:14,
guopin-216880355494331359,暖通技术,中国航天科工集团有限公司,中国航天科工集团有限公司,航天军工,校招,中国航天科工集团有限公司2027届校园招,沈阳-大东区,房地产给排水/暖通/空调工程,2027-08-31,明确,https://www.iguopin.com/job/detail?id=216880355494331359,https://www.iguopin.com/job/detail?id=216880355494331359,国聘官方企业校招专场：中国航天科工集团有限公司,open,2026-09-10 01:09:14,
guopin-216726741492695953,工装设计,中国航天科工集团有限公司,中国航天科工集团有限公司,航天军工,校招,中国航天科工集团有限公司2027届校园招,孝感-孝南区,工装工程师,2026-12-31,明确,https://www.iguopin.com/job/detail?id=216726741492695953,https://www.iguopin.com/job/detail?id=216726741492695953,国聘官方企业校招专场：中国航天科工集团有限公司,open,2026-09-10 01:09:14,
guopin-216725770125443988,控制总体设计,中国航天科工集团有限公司,中国航天科工集团有限公司,航天军工,校招,中国航天科工集团有限公司2027届校园招,孝感-孝南区,导航算法,2026-12-31,明确,https://www.iguopin.com/job/detail?id=216725770125443988,https://www.iguopin.com/job/detail?id=216725770125443988,国聘官方企业校招专场：中国航天科工集团有限公司,open,2026-09-10 01:09:14,
guopin-216725264862806924,电气设计,中国航天科工集团有限公司,中国航天科工集团有限公司,航天军工,校招,中国航天科工集团有限公司2027届校园招,孝感-孝南区,电气工程师,2026-12-31,明确,https://www.iguopin.com/job/detail?id=216725264862806924,https://www.iguopin.com/job/detail?id=216725264862806924,国聘官方企业校招专场：中国航天科工集团有限公司,open,2026-09-10 01:09:14,
guopin-216723318135325583,数字化工程师,中国航天科工集团有限公司,中国航天科工集团有限公司,航天军工,校招,中国航天科工集团有限公司2027届校园招,中国,软件研发工程师,2027-08-31,明确,https://www.iguopin.com/job/detail?id=216723318135325583,https://www.iguopin.com/job/detail?id=216723318135325583,国聘官方企业校招专场：中国航天科工集团有限公司,open,2026-09-10 01:09:14,
guopin-216723317866890127,BIM工程师,中国航天科工集团有限公司,中国航天科工集团有限公司,航天军工,校招,中国航天科工集团有限公司2027届校园招,中国,BIM工程师,2027-08-31,明确,https://www.iguopin.com/job/detail?id=216723317866890127,https://www.iguopin.com/job/detail?id=216723317866890127,国聘官方企业校招专场：中国航天科工集团有限公司,open,2026-09-10 01:09:14,
guopin-216723317581677455,PLC工程师,中国航天科工集团有限公司,中国航天科工集团有限公司,航天军工,校招,中国航天科工集团有限公司2027届校园招,中国,PLC工程师,2027-08-31,明确,https://www.iguopin.com/job/detail?id=216723317581677455,https://www.iguopin.com/job/detail?id=216723317581677455,国聘官方企业校招专场：中国航天科工集团有限公司,open,2026-09-10 01:09:14,
guopin-216723317262910351,系统集成工程师,中国航天科工集团有限公司,中国航天科工集团有限公司,航天军工,校招,中国航天科工集团有限公司2027届校园招,中国,系统集成工程师,2027-08-31,明确,https://www.iguopin.com/job/detail?id=216723317262910351,https://www.iguopin.com/job/detail?id=216723317262910351,国聘官方企业校招专场：中国航天科工集团有限公司,open,2026-09-10 01:09:14,
guopin-217455972564600084,电气技术管理岗,中国能源建设股份有限公司,中国能源建设股份有限公司,能源电力,校招,中国能建2027届全球校园招聘,广州-黄埔区,建筑施工现场管理,2027-07-31,明确,https://www.iguopin.com/job/detail?id=217455972564600084,https://www.iguopin.com/job/detail?id=217455972564600084,国聘官方企业校招专场：中国能源建设股份有限公司,open,2026-09-10 01:08:51,
guopin-217455217388553497,工程造价、经营管理岗,中国能源建设股份有限公司,中国能源建设股份有限公司,能源电力,校招,中国能建2027届全球校园招聘,广州-黄埔区,工程造价,2027-07-31,明确,https://www.iguopin.com/job/detail?id=217455217388553497,https://www.iguopin.com/job/detail?id=217455217388553497,国聘官方企业校招专场：中国能源建设股份有限公司,open,2026-09-10 01:08:51,
guopin-217454850890269982,海工技术管理岗,中国能源建设股份有限公司,中国能源建设股份有限公司,能源电力,校招,中国能建2027届全球校园招聘,广州-黄埔区,海洋工程,2027-07-31,明确,https://www.iguopin.com/job/detail?id=217454850890269982,https://www.iguopin.com/job/detail?id=217454850890269982,国聘官方企业校招专场：中国能源建设股份有限公司,open,2026-09-10 01:08:51,
guopin-217453980320531737,安全管理岗,中国能源建设股份有限公司,中国能源建设股份有限公司,能源电力,校招,中国能建2027届全球校园招聘,广州-黄埔区,安全管理,2027-07-31,明确,https://www.iguopin.com/job/detail?id=217453980320531737,https://www.iguopin.com/job/detail?id=217453980320531737,国聘官方企业校招专场：中国能源建设股份有限公司,open,2026-09-10 01:08:51,
guopin-217448520880227611,财务管理岗,中国能源建设股份有限公司,中国能源建设股份有限公司,能源电力,校招,中国能建2027届全球校园招聘,广州-黄埔区,财务专员/助理,2027-07-31,明确,https://www.iguopin.com/job/detail?id=217448520880227611,https://www.iguopin.com/job/detail?id=217448520880227611,国聘官方企业校招专场：中国能源建设股份有限公司,open,2026-09-10 01:08:51,
guopin-217447585147782428,行政管理岗,中国能源建设股份有限公司,中国能源建设股份有限公司,能源电力,校招,中国能建2027届全球校园招聘,广州-黄埔区,行政专员/助理,2027-07-31,明确,https://www.iguopin.com/job/detail?id=217447585147782428,https://www.iguopin.com/job/detail?id=217447585147782428,国聘官方企业校招专场：中国能源建设股份有限公司,open,2026-09-10 01:08:51,
guopin-217447296680330524,党务管理岗,中国能源建设股份有限公司,中国能源建设股份有限公司,能源电力,校招,中国能建2027届全球校园招聘,广州-黄埔区,党工团干事,2027-07-31,明确,https://www.iguopin.com/job/detail?id=217447296680330524,https://www.iguopin.com/job/detail?id=217447296680330524,国聘官方企业校招专场：中国能源建设股份有限公司,open,2026-09-10 01:08:51,
guopin-217447011283109141,法务管理岗,中国能源建设股份有限公司,中国能源建设股份有限公司,能源电力,校招,中国能建2027届全球校园招聘,广州-黄埔区,法务专员/助理,2027-07-31,明确,https://www.iguopin.com/job/detail?id=217447011283109141,https://www.iguopin.com/job/detail?id=217447011283109141,国聘官方企业校招专场：中国能源建设股份有限公司,open,2026-09-10 01:08:51,
guopin-217446648123491606,人力资源管理岗,中国能源建设股份有限公司,中国能源建设股份有限公司,能源电力,校招,中国能建2027届全球校园招聘,广州-黄埔区,人力资源专员/助理,2027-07-31,明确,https://www.iguopin.com/job/detail?id=217446648123491606,https://www.iguopin.com/job/detail?id=217446648123491606,国聘官方企业校招专场：中国能源建设股份有限公司,open,2026-09-10 01:08:51,
guopin-217446251963090202,物资管理岗,中国能源建设股份有限公司,中国能源建设股份有限公司,能源电力,校招,中国能建2027届全球校园招聘,广州-黄埔区,物流专员/助理,2027-07-31,明确,https://www.iguopin.com/job/detail?id=217446251963090202,https://www.iguopin.com/job/detail?id=217446251963090202,国聘官方企业校招专场：中国能源建设股份有限公司,open,2026-09-10 01:08:51,
chn-5a798bfe-9973-0be4-e063-98b4d40a088a,AI+催化领域工程师,国家能源投资集团有限责任公司,国家能源投资集团有限责任公司,能源电力,校招,应届,北京,科研,2026-09-19,明确,https://zhaopin.chnenergy.com.cn/annc/showgw?id=5a798bfe-9973-0be4-e063-98b4d40a088a,https://zhaopin.chnenergy.com.cn/annc/showgw?id=5a798bfe-9973-0be4-e063-98b4d40a088a,国家能源集团官网校园招聘直招,open,2026-09-10 06:15:15,
chn-5a798bfe-998f-0be4-e063-98b4d40a088a,氢能专责（电气方向）,国家能源投资集团有限责任公司,国家能源投资集团有限责任公司,能源电力,校招,应届,山东济南,技能,2026-09-19,明确,https://zhaopin.chnenergy.com.cn/annc/showgw?id=5a798bfe-998f-0be4-e063-98b4d40a088a,https://zhaopin.chnenergy.com.cn/annc/showgw?id=5a798bfe-998f-0be4-e063-98b4d40a088a,国家能源集团官网校园招聘直招,open,2026-09-10 06:16:57,
chn-5a798bfe-9a3c-0be4-e063-98b4d40a088a,数据中心技术员,国家能源投资集团有限责任公司,国家能源投资集团有限责任公司,能源电力,校招,应届,宁夏银川,技术,2026-09-19,明确,https://zhaopin.chnenergy.com.cn/annc/showgw?id=5a798bfe-9a3c-0be4-e063-98b4d40a088a,https://zhaopin.chnenergy.com.cn/annc/showgw?id=5a798bfe-9a3c-0be4-e063-98b4d40a088a,国家能源集团官网校园招聘直招,open,2026-09-10 06:19:11,
chn-5a798bfe-997f-0be4-e063-98b4d40a088a,AI智能体开发工程师,国家能源投资集团有限责任公司,国家能源投资集团有限责任公司,能源电力,校招,应届,北京,科研,2026-09-19,明确,https://zhaopin.chnenergy.com.cn/annc/showgw?id=5a798bfe-997f-0be4-e063-98b4d40a088a,https://zhaopin.chnenergy.com.cn/annc/showgw?id=5a798bfe-997f-0be4-e063-98b4d40a088a,国家能源集团官网校园招聘直招,open,2026-09-10 06:15:19,
chn-5a798bfe-9974-0be4-e063-98b4d40a088a,X射线表征领域工程师,国家能源投资集团有限责任公司,国家能源投资集团有限责任公司,能源电力,校招,应届,北京,科研,2026-09-19,明确,https://zhaopin.chnenergy.com.cn/annc/showgw?id=5a798bfe-9974-0be4-e063-98b4d40a088a,https://zhaopin.chnenergy.com.cn/annc/showgw?id=5a798bfe-9974-0be4-e063-98b4d40a088a,国家能源集团官网校园招聘直招,open,2026-09-10 06:15:23,
chn-5a798bfe-997b-0be4-e063-98b4d40a088a,催化剂原位表征应用基础研究工程师,国家能源投资集团有限责任公司,国家能源投资集团有限责任公司,能源电力,校招,应届,北京,科研,2026-09-19,明确,https://zhaopin.chnenergy.com.cn/annc/showgw?id=5a798bfe-997b-0be4-e063-98b4d40a088a,https://zhaopin.chnenergy.com.cn/annc/showgw?id=5a798bfe-997b-0be4-e063-98b4d40a088a,国家能源集团官网校园招聘直招,open,2026-09-10 06:15:27,
chn-5a798bfe-9977-0be4-e063-98b4d40a088a,热工控制研发工程师,国家能源投资集团有限责任公司,国家能源投资集团有限责任公司,能源电力,校招,应届,北京,科研,2026-09-19,明确,https://zhaopin.chnenergy.com.cn/annc/showgw?id=5a798bfe-9977-0be4-e063-98b4d40a088a,https://zhaopin.chnenergy.com.cn/annc/showgw?id=5a798bfe-9977-0be4-e063-98b4d40a088a,国家能源集团官网校园招聘直招,open,2026-09-10 06:15:32,
chn-5a798bfe-996e-0be4-e063-98b4d40a088a,烯烃聚合催化剂研发工程师,国家能源投资集团有限责任公司,国家能源投资集团有限责任公司,能源电力,校招,应届,北京,科研,2026-09-19,明确,https://zhaopin.chnenergy.com.cn/annc/showgw?id=5a798bfe-996e-0be4-e063-98b4d40a088a,https://zhaopin.chnenergy.com.cn/annc/showgw?id=5a798bfe-996e-0be4-e063-98b4d40a088a,国家能源集团官网校园招聘直招,open,2026-09-10 06:15:36,
chn-5a798bfe-996f-0be4-e063-98b4d40a088a,烯烃聚合工艺研发工程师,国家能源投资集团有限责任公司,国家能源投资集团有限责任公司,能源电力,校招,应届,北京,科研,2026-09-19,明确,https://zhaopin.chnenergy.com.cn/annc/showgw?id=5a798bfe-996f-0be4-e063-98b4d40a088a,https://zhaopin.chnenergy.com.cn/annc/showgw?id=5a798bfe-996f-0be4-e063-98b4d40a088a,国家能源集团官网校园招聘直招,open,2026-09-10 06:15:40,
chn-5a798bfe-997d-0be4-e063-98b4d40a088a,生物化工工程师,国家能源投资集团有限责任公司,国家能源投资集团有限责任公司,能源电力,校招,应届,北京,科研,2026-09-19,明确,https://zhaopin.chnenergy.com.cn/annc/showgw?id=5a798bfe-997d-0be4-e063-98b4d40a088a,https://zhaopin.chnenergy.com.cn/annc/showgw?id=5a798bfe-997d-0be4-e063-98b4d40a088a,国家能源集团官网校园招聘直招,open,2026-09-10 06:15:44,
guopin-216462247440941578,热能工程师(J10774),中国机械科学研究总院集团有限公司,中国机械科学研究总院集团有限公司,机械制造,校招,中国机械科学研究总院集团2027届校园招,合肥,不限职位,2026-11-01,明确,https://www.iguopin.com/job/detail?id=216462247440941578,https://www.iguopin.com/job/detail?id=216462247440941578,国聘官方企业校招专场：中国机械科学研究总院集团有限公司,open,2026-09-10 01:09:11,
guopin-216461118485299722,暖通设计工程师(J10773),中国机械科学研究总院集团有限公司,中国机械科学研究总院集团有限公司,机械制造,校招,中国机械科学研究总院集团2027届校园招,合肥,工业设计,2026-11-01,明确,https://www.iguopin.com/job/detail?id=216461118485299722,https://www.iguopin.com/job/detail?id=216461118485299722,国聘官方企业校招专场：中国机械科学研究总院集团有限公司,open,2026-09-10 01:09:11,
guopin-216458405273928202,软件开发(J10844),中国机械科学研究总院集团有限公司,中国机械科学研究总院集团有限公司,机械制造,校招,中国机械科学研究总院集团2027届校园招,北京,软件研发工程师,2026-11-30,明确,https://www.iguopin.com/job/detail?id=216458405273928202,https://www.iguopin.com/job/detail?id=216458405273928202,国聘官方企业校招专场：中国机械科学研究总院集团有限公司,open,2026-09-10 01:09:11,
guopin-216458142324621819,电气设计(J10843),中国机械科学研究总院集团有限公司,中国机械科学研究总院集团有限公司,机械制造,校招,中国机械科学研究总院集团2027届校园招,北京,电气工程师,2026-11-30,明确,https://www.iguopin.com/job/detail?id=216458142324621819,https://www.iguopin.com/job/detail?id=216458142324621819,国聘官方企业校招专场：中国机械科学研究总院集团有限公司,open,2026-09-10 01:09:11,
guopin-216457605655036360,机械设计(J10842),中国机械科学研究总院集团有限公司,中国机械科学研究总院集团有限公司,机械制造,校招,中国机械科学研究总院集团2027届校园招,北京,机械工程师,2026-11-30,明确,https://www.iguopin.com/job/detail?id=216457605655036360,https://www.iguopin.com/job/detail?id=216457605655036360,国聘官方企业校招专场：中国机械科学研究总院集团有限公司,open,2026-09-10 01:09:11,
guopin-216337050788430261,材料工程师(J10830),中国机械科学研究总院集团有限公司,中国机械科学研究总院集团有限公司,机械制造,校招,中国机械科学研究总院集团2027届校园招,北京-海淀区,材料工程师,2026-11-29,明确,https://www.iguopin.com/job/detail?id=216337050788430261,https://www.iguopin.com/job/detail?id=216337050788430261,国聘官方企业校招专场：中国机械科学研究总院集团有限公司,open,2026-09-10 01:09:11,
ccb-2026090214928262-20260903143047717817-20230901184451673028,部门经办岗,中国建设银行股份有限公司,中国建设银行股份有限公司,银行金融,校招,2027届,北京市,部门经办岗,2026-10-08,明确,https://job1.ccb.com/cn/job/announcement.html?annoId=20260903163254718082,https://job1.ccb.com/cn/job/job_detail.html?planId=2026090214928262&planPost=20260903143047717817&planType=XY&orgId=1007477&secondOrgId=20230901184451673028,中国建设银行官方2027总部校园招聘,open,2026-09-10 00:57:57,
ccb-2026090214928262-20260903143047717818-20230901184451673028,部门经办岗,中国建设银行股份有限公司,中国建设银行股份有限公司,银行金融,校招,2027届,北京市,部门经办岗,2026-10-08,明确,https://job1.ccb.com/cn/job/announcement.html?annoId=20260903163254718082,https://job1.ccb.com/cn/job/job_detail.html?planId=2026090214928262&planPost=20260903143047717818&planType=XY&orgId=1007477&secondOrgId=20230901184451673028,中国建设银行官方2027总部校园招聘,open,2026-09-10 00:57:57,
ccb-2026090214928262-20260903143047717819-20230901184451673028,部门经办岗,中国建设银行股份有限公司,中国建设银行股份有限公司,银行金融,校招,2027届,北京市,部门经办岗,2026-10-08,明确,https://job1.ccb.com/cn/job/announcement.html?annoId=20260903163254718082,https://job1.ccb.com/cn/job/job_detail.html?planId=2026090214928262&planPost=20260903143047717819&planType=XY&orgId=1007477&secondOrgId=20230901184451673028,中国建设银行官方2027总部校园招聘,open,2026-09-10 00:57:57,
ccb-2026090214928262-20260903143047717920-20230901184451673028,部门经办岗,中国建设银行股份有限公司,中国建设银行股份有限公司,银行金融,校招,2027届,北京市,部门经办岗,2026-10-08,明确,https://job1.ccb.com/cn/job/announcement.html?annoId=20260903163254718082,https://job1.ccb.com/cn/job/job_detail.html?planId=2026090214928262&planPost=20260903143047717920&planType=XY&orgId=1007477&secondOrgId=20230901184451673028,中国建设银行官方2027总部校园招聘,open,2026-09-10 00:57:57,
ccb-2026090214928262-20260903143047717921-20230901184451673028,部门经办岗,中国建设银行股份有限公司,中国建设银行股份有限公司,银行金融,校招,2027届,北京市,部门经办岗,2026-10-08,明确,https://job1.ccb.com/cn/job/announcement.html?annoId=20260903163254718082,https://job1.ccb.com/cn/job/job_detail.html?planId=2026090214928262&planPost=20260903143047717921&planType=XY&orgId=1007477&secondOrgId=20230901184451673028,中国建设银行官方2027总部校园招聘,open,2026-09-10 00:57:57,
ccb-2026090214928262-20260903143047717922-20230901184451673028,部门经办岗,中国建设银行股份有限公司,中国建设银行股份有限公司,银行金融,校招,2027届,北京市,部门经办岗,2026-10-08,明确,https://job1.ccb.com/cn/job/announcement.html?annoId=20260903163254718082,https://job1.ccb.com/cn/job/job_detail.html?planId=2026090214928262&planPost=20260903143047717922&planType=XY&orgId=1007477&secondOrgId=20230901184451673028,中国建设银行官方2027总部校园招聘,open,2026-09-10 00:57:57,
boc-85d0ff583efb1dc3,金融综合岗位,中国银行股份有限公司,中国银行股份有限公司,银行金融,校招,2027年全球校园招聘,北京,金融综合,2026-10-09,明确,https://www.boc.cn/aboutboc/bi4/202609/t20260903_25689311.html,https://campus.chinahr.com/pages/2027-boc,中国银行官网2027校招公告,open,2026-09-10 06:46:41,
boc-73d2266e8161540e,信息科技岗位,中国银行股份有限公司,中国银行股份有限公司,银行金融,校招,2027年全球校园招聘,北京,信息科技,2026-10-09,明确,https://www.boc.cn/aboutboc/bi4/202609/t20260903_25689311.html,https://campus.chinahr.com/pages/2027-boc,中国银行官网2027校招公告,open,2026-09-10 06:46:41,
boc-af215215960d7d1e,数据分析岗位,中国银行股份有限公司,中国银行股份有限公司,银行金融,校招,2027年全球校园招聘,北京,数据分析,2026-10-09,明确,https://www.boc.cn/aboutboc/bi4/202609/t20260903_25689311.html,https://campus.chinahr.com/pages/2027-boc,中国银行官网2027校招公告,open,2026-09-10 06:46:41,
boc-78ecd7e17e7baccd,单证业务综合岗位,中国银行股份有限公司,中国银行股份有限公司,银行金融,校招,2027年全球校园招聘,北京、上海,单证业务综合,2026-10-09,明确,https://www.boc.cn/aboutboc/bi4/202609/t20260903_25689311.html,https://campus.chinahr.com/pages/2027-boc,中国银行官网2027校招公告,open,2026-09-10 06:46:41,
guopin-217196414420124641,职能类岗位,中国广核集团有限公司,中国广核集团有限公司,能源电力,校招,中国广核集团2027届校园招聘,北京、惠州、大连、深圳、汕尾,其他职位,2026-12-02,明确,https://www.iguopin.com/job/detail?id=217196414420124641,https://www.iguopin.com/job/detail?id=217196414420124641,国聘官方企业校招专场：中国广核集团有限公司,open,2026-09-10 01:09:07,
guopin-217336736605275295,生产运营岗,中国广核集团有限公司,中国广核集团有限公司,能源电力,校招,中国广核集团2027届校园招聘,南通-通州区,生产运营管理,2026-12-06,明确,https://www.iguopin.com/job/detail?id=217336736605275295,https://www.iguopin.com/job/detail?id=217336736605275295,国聘官方企业校招专场：中国广核集团有限公司,open,2026-09-10 01:09:07,
guopin-217336702463640735,综合会计岗,中国广核集团有限公司,中国广核集团有限公司,能源电力,校招,中国广核集团2027届校园招聘,南通-通州区,会计专员/助理,2026-12-06,明确,https://www.iguopin.com/job/detail?id=217336702463640735,https://www.iguopin.com/job/detail?id=217336702463640735,国聘官方企业校招专场：中国广核集团有限公司,open,2026-09-10 01:09:07,
guopin-217196402374083650,技术支持类岗位,中国广核集团有限公司,中国广核集团有限公司,能源电力,校招,中国广核集团2027届校园招聘,汕尾、惠州、烟台-招远市、深圳、防城港,其他职位,2026-12-02,明确,https://www.iguopin.com/job/detail?id=217196402374083650,https://www.iguopin.com/job/detail?id=217196402374083650,国聘官方企业校招专场：中国广核集团有限公司,open,2026-09-10 01:09:07,
tencent-1274356447064759296,腾讯营销—基于大模型Agent的腾讯电商广告推荐研究,腾讯科技（深圳）有限公司,腾讯科技（深圳）有限公司,互联网,校招,青云计划-应届生,上海,游戏策划,,未披露,https://join.qq.com/post_detail.html?postid=1274356447064759296,https://join.qq.com/post_detail.html?postid=1274356447064759296,腾讯校园招聘官方网站(staging),unverified,2026-09-10 11:55:16,公开校招岗位列表可见；未披露截止日期，未尝试投递。
tencent-1282707398326592512,AI全栈工程师,腾讯科技（深圳）有限公司,腾讯科技（深圳）有限公司,互联网,校招,应届毕业生,深圳、北京、上海、广州、成都、杭州,技术研发,,未披露,https://join.qq.com/post_detail.html?postid=1282707398326592512,https://join.qq.com/post_detail.html?postid=1282707398326592512,腾讯校园招聘官方网站(staging),unverified,2026-09-10 11:55:13,公开校招岗位列表可见；未披露截止日期，未尝试投递。
tencent-1282707391506654208,2D角色设计,腾讯科技（深圳）有限公司,腾讯科技（深圳）有限公司,互联网,校招,应届毕业生,深圳、上海、杭州,设计,,未披露,https://join.qq.com/post_detail.html?postid=1282707391506654208,https://join.qq.com/post_detail.html?postid=1282707391506654208,腾讯校园招聘官方网站(staging),unverified,2026-09-10 11:55:13,公开校招岗位列表可见；未披露截止日期，未尝试投递。
tencent-1283045530146251776,秘书,腾讯科技（深圳）有限公司,腾讯科技（深圳）有限公司,互联网,校招,应届毕业生,深圳、北京、广州,市场,,未披露,https://join.qq.com/post_detail.html?postid=1283045530146251776,https://join.qq.com/post_detail.html?postid=1283045530146251776,腾讯校园招聘官方网站(staging),unverified,2026-09-10 11:55:13,公开校招岗位列表可见；未披露截止日期，未尝试投递。
tencent-1283126456553382912,AI产品经理,腾讯科技（深圳）有限公司,腾讯科技（深圳）有限公司,互联网,校招,应届毕业生,深圳、北京、上海、广州,产品,,未披露,https://join.qq.com/post_detail.html?postid=1283126456553382912,https://join.qq.com/post_detail.html?postid=1283126456553382912,腾讯校园招聘官方网站(staging),unverified,2026-09-10 11:55:13,公开校招岗位列表可见；未披露截止日期，未尝试投递。
tencent-1277366754477467648,投资运营分析师,腾讯科技（深圳）有限公司,腾讯科技（深圳）有限公司,互联网,校招,应届毕业生,北京,职能,,未披露,https://join.qq.com/post_detail.html?postid=1277366754477467648,https://join.qq.com/post_detail.html?postid=1277366754477467648,腾讯校园招聘官方网站(staging),unverified,2026-09-10 11:55:13,公开校招岗位列表可见；未披露截止日期，未尝试投递。
tencent-1282707395466077184,Agent开发工程师,腾讯科技（深圳）有限公司,腾讯科技（深圳）有限公司,互联网,校招,应届毕业生,深圳、北京、上海、广州、成都,技术研发,,未披露,https://join.qq.com/post_detail.html?postid=1282707395466077184,https://join.qq.com/post_detail.html?postid=1282707395466077184,腾讯校园招聘官方网站(staging),unverified,2026-09-10 11:55:13,公开校招岗位列表可见；未披露截止日期，未尝试投递。
tencent-1282707395466077185,AI应用工程师,腾讯科技（深圳）有限公司,腾讯科技（深圳）有限公司,互联网,校招,应届毕业生,深圳、北京、上海、广州、成都,技术研发,,未披露,https://join.qq.com/post_detail.html?postid=1282707395466077185,https://join.qq.com/post_detail.html?postid=1282707395466077185,腾讯校园招聘官方网站(staging),unverified,2026-09-10 11:55:13,公开校招岗位列表可见；未披露截止日期，未尝试投递。
tencent-1282707395466077186,AI算法工程,腾讯科技（深圳）有限公司,腾讯科技（深圳）有限公司,互联网,校招,应届毕业生,深圳、北京、上海、广州,技术研发,,未披露,https://join.qq.com/post_detail.html?postid=1282707395466077186,https://join.qq.com/post_detail.html?postid=1282707395466077186,腾讯校园招聘官方网站(staging),unverified,2026-09-10 11:55:13,公开校招岗位列表可见；未披露截止日期，未尝试投递。
tencent-1283126460798018560,技术研究-高性能计算方向,腾讯科技（深圳）有限公司,腾讯科技（深圳）有限公司,互联网,校招,应届毕业生,深圳、北京、上海、广州、成都、合肥,技术研发,,未披露,https://join.qq.com/post_detail.html?postid=1283126460798018560,https://join.qq.com/post_detail.html?postid=1283126460798018560,腾讯校园招聘官方网站(staging),unverified,2026-09-10 11:55:13,公开校招岗位列表可见；未披露截止日期，未尝试投递。
tencent-1283126524891177984,技术研究-基础架构方向,腾讯科技（深圳）有限公司,腾讯科技（深圳）有限公司,互联网,校招,应届毕业生,深圳、北京、上海、广州,技术研发,,未披露,https://join.qq.com/post_detail.html?postid=1283126524891177984,https://join.qq.com/post_detail.html?postid=1283126524891177984,腾讯校园招聘官方网站(staging),unverified,2026-09-10 11:55:13,公开校招岗位列表可见；未披露截止日期，未尝试投递。
tencent-1277366755316311040,投资分析,腾讯科技（深圳）有限公司,腾讯科技（深圳）有限公司,互联网,校招,应届毕业生,北京,职能,,未披露,https://join.qq.com/post_detail.html?postid=1277366755316311040,https://join.qq.com/post_detail.html?postid=1277366755316311040,腾讯校园招聘官方网站(staging),unverified,2026-09-10 11:55:13,公开校招岗位列表可见；未披露截止日期，未尝试投递。
tencent-1282032033786619904,游戏策划培训生,腾讯科技（深圳）有限公司,腾讯科技（深圳）有限公司,互联网,校招,应届毕业生,深圳、北京、上海、杭州,产品,,未披露,https://join.qq.com/post_detail.html?postid=1282032033786619904,https://join.qq.com/post_detail.html?postid=1282032033786619904,腾讯校园招聘官方网站(staging),unverified,2026-09-10 11:55:13,公开校招岗位列表可见；未披露截止日期，未尝试投递。
tencent-1282032033786619905,游戏发行/运营培训生,腾讯科技（深圳）有限公司,腾讯科技（深圳）有限公司,互联网,校招,应届毕业生,深圳、上海,产品,,未披露,https://join.qq.com/post_detail.html?postid=1282032033786619905,https://join.qq.com/post_detail.html?postid=1282032033786619905,腾讯校园招聘官方网站(staging),unverified,2026-09-10 11:55:13,公开校招岗位列表可见；未披露截止日期，未尝试投递。
tencent-1282032034373805056,游戏客户端开发,腾讯科技（深圳）有限公司,腾讯科技（深圳）有限公司,互联网,校招,应届毕业生,深圳、北京、上海、杭州,技术研发,,未披露,https://join.qq.com/post_detail.html?postid=1282032034373805056,https://join.qq.com/post_detail.html?postid=1282032034373805056,腾讯校园招聘官方网站(staging),unverified,2026-09-10 11:55:13,公开校招岗位列表可见；未披露截止日期，未尝试投递。
tencent-1282707374754604032,产品策划,腾讯科技（深圳）有限公司,腾讯科技（深圳）有限公司,互联网,校招,应届毕业生,深圳、北京、上海、广州、成都,产品,,未披露,https://join.qq.com/post_detail.html?postid=1282707374754604032,https://join.qq.com/post_detail.html?postid=1282707374754604032,腾讯校园招聘官方网站(staging),unverified,2026-09-10 11:55:13,公开校招岗位列表可见；未披露截止日期，未尝试投递。
tencent-1282707375417304064,市场营销,腾讯科技（深圳）有限公司,腾讯科技（深圳）有限公司,互联网,校招,应届毕业生,深圳、北京、上海、广州,职能,,未披露,https://join.qq.com/post_detail.html?postid=1282707375417304064,https://join.qq.com/post_detail.html?postid=1282707375417304064,腾讯校园招聘官方网站(staging),unverified,2026-09-10 11:55:13,公开校招岗位列表可见；未披露截止日期，未尝试投递。
tencent-1282707379615819776,项目管理,腾讯科技（深圳）有限公司,腾讯科技（深圳）有限公司,互联网,校招,应届毕业生,西安、深圳、北京、上海,产品,,未披露,https://join.qq.com/post_detail.html?postid=1282707379615819776,https://join.qq.com/post_detail.html?postid=1282707379615819776,腾讯校园招聘官方网站(staging),unverified,2026-09-10 11:55:13,公开校招岗位列表可见；未披露截止日期，未尝试投递。
tencent-1282707379615819777,产品运营,腾讯科技（深圳）有限公司,腾讯科技（深圳）有限公司,互联网,校招,应届毕业生,深圳、北京、广州、成都,产品,,未披露,https://join.qq.com/post_detail.html?postid=1282707379615819777,https://join.qq.com/post_detail.html?postid=1282707379615819777,腾讯校园招聘官方网站(staging),unverified,2026-09-10 11:55:13,公开校招岗位列表可见；未披露截止日期，未尝试投递。
tencent-1282707380882482176,商务拓展,腾讯科技（深圳）有限公司,腾讯科技（深圳）有限公司,互联网,校招,应届毕业生,深圳、北京、广州、中国香港,职能,,未披露,https://join.qq.com/post_detail.html?postid=1282707380882482176,https://join.qq.com/post_detail.html?postid=1282707380882482176,腾讯校园招聘官方网站(staging),unverified,2026-09-10 11:55:13,公开校招岗位列表可见；未披露截止日期，未尝试投递。
tencent-1282707381767480320,商业分析,腾讯科技（深圳）有限公司,腾讯科技（深圳）有限公司,互联网,校招,应届毕业生,深圳、北京、上海、广州,职能,,未披露,https://join.qq.com/post_detail.html?postid=1282707381767480320,https://join.qq.com/post_detail.html?postid=1282707381767480320,腾讯校园招聘官方网站(staging),unverified,2026-09-10 11:55:13,公开校招岗位列表可见；未披露截止日期，未尝试投递。
tencent-1282707383965295616,后台开发,腾讯科技（深圳）有限公司,腾讯科技（深圳）有限公司,互联网,校招,应届毕业生,深圳、北京、上海、广州、成都、武汉、杭州,技术研发,,未披露,https://join.qq.com/post_detail.html?postid=1282707383965295616,https://join.qq.com/post_detail.html?postid=1282707383965295616,腾讯校园招聘官方网站(staging),unverified,2026-09-10 11:55:13,公开校招岗位列表可见；未披露截止日期，未尝试投递。
tencent-1282707383965295617,移动客户端开发,腾讯科技（深圳）有限公司,腾讯科技（深圳）有限公司,互联网,校招,应届毕业生,深圳、北京、广州、成都、合肥,技术研发,,未披露,https://join.qq.com/post_detail.html?postid=1282707383965295617,https://join.qq.com/post_detail.html?postid=1282707383965295617,腾讯校园招聘官方网站(staging),unverified,2026-09-10 11:55:13,公开校招岗位列表可见；未披露截止日期，未尝试投递。
tencent-1282707390126745600,算法-机器学习方向,腾讯科技（深圳）有限公司,腾讯科技（深圳）有限公司,互联网,校招,应届毕业生,深圳、北京、上海、广州、成都,技术研发,,未披露,https://join.qq.com/post_detail.html?postid=1282707390126745600,https://join.qq.com/post_detail.html?postid=1282707390126745600,腾讯校园招聘官方网站(staging),unverified,2026-09-10 11:55:13,公开校招岗位列表可见；未披露截止日期，未尝试投递。
